,klines_open_time,klines_open_price,klines_high_price,klines_low_price,klines_close_price,space 1,order_entry_time,order_entry_direction,order_price,order_quantity,space 2,long_position_entry_time,long_position_entry_direction,long_position_price,long_position_quantity,long_position_afford_range,long_position_liquidation,space 3,short_position_entry_time,short_position_entry_direction,short_position_price,short_position_quantity,short_position_afford_range,short_position_liquidation,LONG_Result,SHORT_Result,Property
0,2022-06-01 00:00:00,31801.05,31982.97,31614.01,31627.3,,,,,,,,,,,,,,,,,,,,,,8000.0
0,2022-06-01 04:00:00,31627.29,31670.0,31371.45,31482.43,,,,,,,,,,,,,,,,,,,,,,8000.0
0,2022-06-01 08:00:00,31482.42,31709.99,31444.0,31609.16,,,,,,,,,,,,,,,,,,,,,,8000.0
0,2022-06-01 12:00:00,31609.15,31901.34,30600.0,30742.59,,,,,,,,,,,,,,,,,,,,,,8000.0
0,2022-06-01 16:00:00,30742.59,30744.19,29901.29,30126.72,,2022-06-01 16:00:00,空頭進場,30742.59,0.364,,,,,,,,,2022-06-01 16:00:00,空頭進場,30742.59,0.364,29425.050428571427,32938.49,,,7200.69266
0,2022-06-01 20:00:00,30126.71,30162.44,29301.0,29805.83,,,,,,,,,,,,,,2022-06-01 16:00:00,空頭進場,30742.59,0.364,29425.050428571427,32938.49,,SHORT Win,8479.584404000001
0,2022-06-02 00:00:00,29805.84,29903.74,29594.55,29730.12,,,,,,,,,,,,,,,,,,,,,,8479.584404000001
0,2022-06-02 04:00:00,29730.12,30123.35,29650.93,29968.26,,,,,,,,,,,,,,,,,,,,,,8479.584404000001
0,2022-06-02 08:00:00,29968.27,30210.18,29865.0,30173.67,,,,,,,,,,,,,,,,,,,,,,8479.584404000001
0,2022-06-02 12:00:00,30173.66,30387.84,29597.01,30212.73,,,,,,,,,,,,,,,,,,,,,,8479.584404000001
0,2022-06-02 16:00:00,30212.73,30408.54,29977.45,30293.01,,,,,,,,,,,,,,,,,,,,,,8479.584404000001
0,2022-06-02 20:00:00,30293.0,30689.0,30235.7,30452.62,,,,,,,,,,,,,,,,,,,,,,8479.584404000001
0,2022-06-03 00:00:00,30452.63,30699.0,30359.54,30529.96,,,,,,,,,,,,,,,,,,,,,,8479.584404000001
0,2022-06-03 04:00:00,30529.96,30561.32,30282.29,30443.74,,,,,,,,,,,,,,,,,,,,,,8479.584404000001
0,2022-06-03 08:00:00,30443.7,30529.07,29680.0,29758.19,,,,,,,,,,,,,,,,,,,,,,8479.584404000001
0,2022-06-03 12:00:00,29758.2,29889.49,29282.36,29506.24,,,,,,,,,,,,,,,,,,,,,,8479.584404000001
0,2022-06-03 16:00:00,29506.25,29677.14,29401.0,29572.52,,,,,,,,,,,,,,,,,,,,,,8479.584404000001
0,2022-06-03 20:00:00,29572.52,29887.56,29558.3,29700.21,,,,,,,,,,,,,,,,,,,,,,8479.584404000001
0,2022-06-04 00:00:00,29700.21,29763.35,29500.0,29560.12,,,,,,,,,,,,,,,,,,,,,,8479.584404000001
0,2022-06-04 04:00:00,29560.12,29734.49,29546.78,29700.96,,,,,,,,,,,,,,,,,,,,,,8479.584404000001
0,2022-06-04 08:00:00,29700.96,29800.0,29594.91,29681.69,,,,,,,,,,,,,,,,,,,,,,8479.584404000001
0,2022-06-04 12:00:00,29681.68,29988.88,29485.0,29858.8,,,,,,,,,,,,,,,,,,,,,,8479.584404000001
0,2022-06-04 16:00:00,29858.79,29858.8,29613.26,29655.41,,,,,,,,,,,,,,,,,,,,,,8479.584404000001
0,2022-06-04 20:00:00,29655.41,29977.99,29632.05,29864.04,,,,,,,,,,,,,,,,,,,,,,8479.584404000001
0,2022-06-05 00:00:00,29864.03,29897.18,29678.5,29766.95,,,,,,,,,,,,,,,,,,,,,,8479.584404000001
0,2022-06-05 04:00:00,29766.95,29819.85,29645.67,29645.67,,,,,,,,,,,,,,,,,,,,,,8479.584404000001
0,2022-06-05 08:00:00,29645.68,29742.13,29531.42,29718.69,,,,,,,,,,,,,,,,,,,,,,8479.584404000001
0,2022-06-05 12:00:00,29718.69,29981.0,29626.65,29972.22,,,,,,,,,,,,,,,,,,,,,,8479.584404000001
0,2022-06-05 16:00:00,29972.23,30189.0,29761.0,30049.86,,2022-06-05 16:00:00,多頭進場,29972.23,0.374,,2022-06-05 16:00:00,多頭進場,29972.23,0.374,31256.754142857142,27831.36,,,,,,,,,,7678.897688285715
0,2022-06-05 20:00:00,30049.85,30127.47,29815.75,29919.21,,,,,,,2022-06-05 16:00:00,多頭進場,29972.23,0.374,31256.754142857142,27831.36,,,,,,,,,,7678.897688285715
0,2022-06-06 00:00:00,29919.2,31276.87,29890.23,31251.0,,,,,,,2022-06-05 16:00:00,多頭進場,29972.23,0.374,31256.754142857142,27831.36,,,,,,,,LONG Win,,8959.996433428572
0,2022-06-06 04:00:00,31250.99,31434.75,31148.43,31292.77,,,,,,,,,,,,,,,,,,,,,,8959.996433428572
0,2022-06-06 08:00:00,31292.76,31599.37,31281.0,31396.71,,,,,,,,,,,,,,,,,,,,,,8959.996433428572
0,2022-06-06 12:00:00,31396.72,31765.64,31162.55,31541.42,,,,,,,,,,,,,,,,,,,,,,8959.996433428572
0,2022-06-06 16:00:00,31541.41,31555.75,31000.01,31470.72,,,,,,,,,,,,,,,,,,,,,,8959.996433428572
0,2022-06-06 20:00:00,31470.72,31599.85,31272.39,31373.1,,,,,,,,,,,,,,,,,,,,,,8959.996433428572
0,2022-06-07 00:00:00,31373.1,31381.03,29218.96,29563.62,,,,,,,,,,,,,,,,,,,,,,8959.996433428572
0,2022-06-07 04:00:00,29563.61,29632.49,29401.0,29585.12,,,,,,,,,,,,,,,,,,,,,,8959.996433428572
0,2022-06-07 08:00:00,29585.12,29733.63,29345.0,29521.5,,2022-06-07 08:00:00,空頭進場,29585.12,0.379,,,,,,,,,2022-06-07 08:00:00,空頭進場,29585.12,0.379,28317.186285714284,31698.34,,,8159.08497057143
0,2022-06-07 12:00:00,29521.51,30041.25,29401.44,29891.17,,,,,,,,,,,,,,2022-06-07 08:00:00,空頭進場,29585.12,0.379,28317.186285714284,31698.34,,,8159.08497057143
0,2022-06-07 16:00:00,29891.17,31429.85,29747.62,31059.71,,,,,,,,,,,,,,2022-06-07 08:00:00,空頭進場,29585.12,0.379,28317.186285714284,31698.34,,,8159.08497057143
0,2022-06-07 20:00:00,31059.71,31589.6,30300.0,31125.33,,,,,,,,,,,,,,2022-06-07 08:00:00,空頭進場,29585.12,0.379,28317.186285714284,31698.34,,,8159.08497057143
0,2022-06-08 00:00:00,31125.32,31327.22,29843.88,30026.72,,2022-06-08 00:00:00,多頭進場,31125.32,0.36,,2022-06-08 00:00:00,多頭進場,31125.32,0.36,32459.262285714285,28902.08,,2022-06-07 08:00:00,空頭進場,29585.12,0.379,28317.186285714284,31698.34,,,7358.719599142859
0,2022-06-08 04:00:00,30026.71,30686.63,29872.55,30561.77,,2022-06-08 04:00:00,空頭進場,30026.71,0.379,,2022-06-08 00:00:00,多頭進場,31125.32,0.36,32459.262285714285,28902.08,,2022-06-08 04:00:00,空頭進場,29805.915,0.758,28528.518642857143,31934.91,,,6545.853664142859
0,2022-06-08 08:00:00,30561.77,30616.85,30336.81,30410.85,,,,,,,2022-06-08 00:00:00,多頭進場,31125.32,0.36,32459.262285714285,28902.08,,2022-06-08 04:00:00,空頭進場,29805.915,0.758,28528.518642857143,31934.91,,,6545.853664142859
0,2022-06-08 12:00:00,30410.85,30901.67,30051.16,30476.77,,,,,,,2022-06-08 00:00:00,多頭進場,31125.32,0.36,32459.262285714285,28902.08,,2022-06-08 04:00:00,空頭進場,29805.915,0.758,28528.518642857143,31934.91,,,6545.853664142859
0,2022-06-08 16:00:00,30476.77,30552.64,29916.45,30140.14,,,,,,,2022-06-08 00:00:00,多頭進場,31125.32,0.36,32459.262285714285,28902.08,,2022-06-08 04:00:00,空頭進場,29805.915,0.758,28528.518642857143,31934.91,,,6545.853664142859
0,2022-06-08 20:00:00,30140.14,30499.0,30102.86,30204.77,,,,,,,2022-06-08 00:00:00,多頭進場,31125.32,0.36,32459.262285714285,28902.08,,2022-06-08 04:00:00,空頭進場,29805.915,0.758,28528.518642857143,31934.91,,,6545.853664142859
0,2022-06-09 00:00:00,30204.77,30323.51,30070.24,30293.49,,,,,,,2022-06-08 00:00:00,多頭進場,31125.32,0.36,32459.262285714285,28902.08,,2022-06-08 04:00:00,空頭進場,29805.915,0.758,28528.518642857143,31934.91,,,6545.853664142859
0,2022-06-09 04:00:00,30293.5,30487.54,30235.85,30487.54,,,,,,,2022-06-08 00:00:00,多頭進場,31125.32,0.36,32459.262285714285,28902.08,,2022-06-08 04:00:00,空頭進場,29805.915,0.758,28528.518642857143,31934.91,,,6545.853664142859
0,2022-06-09 08:00:00,30487.53,30700.0,30251.89,30299.47,,,,,,,2022-06-08 00:00:00,多頭進場,31125.32,0.36,32459.262285714285,28902.08,,2022-06-08 04:00:00,空頭進場,29805.915,0.758,28528.518642857143,31934.91,,,6545.853664142859
0,2022-06-09 12:00:00,30299.46,30389.05,29944.1,30302.24,,,,,,,2022-06-08 00:00:00,多頭進場,31125.32,0.36,32459.262285714285,28902.08,,2022-06-08 04:00:00,空頭進場,29805.915,0.758,28528.518642857143,31934.91,,,6545.853664142859
0,2022-06-09 16:00:00,30302.23,30450.0,29976.0,30017.12,,,,,,,2022-06-08 00:00:00,多頭進場,31125.32,0.36,32459.262285714285,28902.08,,2022-06-08 04:00:00,空頭進場,29805.915,0.758,28528.518642857143,31934.91,,,6545.853664142859
0,2022-06-09 20:00:00,30017.12,30250.0,29970.51,30109.93,,,,,,,2022-06-08 00:00:00,多頭進場,31125.32,0.36,32459.262285714285,28902.08,,2022-06-08 04:00:00,空頭進場,29805.915,0.758,28528.518642857143,31934.91,,,6545.853664142859
0,2022-06-10 00:00:00,30109.93,30382.8,29578.96,30114.38,,,,,,,2022-06-08 00:00:00,多頭進場,31125.32,0.36,32459.262285714285,28902.08,,2022-06-08 04:00:00,空頭進場,29805.915,0.758,28528.518642857143,31934.91,,,6545.853664142859
0,2022-06-10 04:00:00,30114.38,30226.79,30042.13,30052.43,,,,,,,2022-06-08 00:00:00,多頭進場,31125.32,0.36,32459.262285714285,28902.08,,2022-06-08 04:00:00,空頭進場,29805.915,0.758,28528.518642857143,31934.91,,,6545.853664142859
0,2022-06-10 08:00:00,30052.44,30114.25,29868.0,30020.56,,,,,,,2022-06-08 00:00:00,多頭進場,31125.32,0.36,32459.262285714285,28902.08,,2022-06-08 04:00:00,空頭進場,29805.915,0.758,28528.518642857143,31934.91,,,6545.853664142859
0,2022-06-10 12:00:00,30020.56,30184.4,29222.67,29454.53,,,,,,,2022-06-08 00:00:00,多頭進場,31125.32,0.36,32459.262285714285,28902.08,,2022-06-08 04:00:00,空頭進場,29805.915,0.758,28528.518642857143,31934.91,,,6545.853664142859
0,2022-06-10 16:00:00,29454.52,29484.45,28850.0,28980.02,,,,,,,2022-06-08 00:00:00,多頭進場,31125.32,0.36,32459.262285714285,28902.08,,2022-06-08 04:00:00,空頭進場,29805.915,0.758,28528.518642857143,31934.91,LONG Lose,,6545.853664142859
0,2022-06-10 20:00:00,28980.03,29400.0,28970.0,29091.88,,,,,,,,,,,,,,2022-06-08 04:00:00,空頭進場,29805.915,0.758,28528.518642857143,31934.91,,,6545.853664142859
0,2022-06-11 00:00:00,29091.87,29315.21,29047.93,29272.43,,,,,,,,,,,,,,2022-06-08 04:00:00,空頭進場,29805.915,0.758,28528.518642857143,31934.91,,,6545.853664142859
0,2022-06-11 04:00:00,29272.43,29440.41,29251.17,29326.83,,,,,,,,,,,,,,2022-06-08 04:00:00,空頭進場,29805.915,0.758,28528.518642857143,31934.91,,,6545.853664142859
0,2022-06-11 08:00:00,29326.83,29345.11,28590.0,28734.01,,,,,,,,,,,,,,2022-06-08 04:00:00,空頭進場,29805.915,0.758,28528.518642857143,31934.91,,,6545.853664142859
0,2022-06-11 12:00:00,28734.01,28870.0,28251.0,28405.54,,,,,,,,,,,,,,2022-06-08 04:00:00,空頭進場,29805.915,0.758,28528.518642857143,31934.91,,SHORT Win,9127.897500714287
0,2022-06-11 16:00:00,28405.55,28794.46,28099.99,28595.28,,,,,,,,,,,,,,,,,,,,,,9127.897500714287
0,2022-06-11 20:00:00,28595.27,28683.54,28250.04,28424.7,,,,,,,,,,,,,,,,,,,,,,9127.897500714287
0,2022-06-12 00:00:00,28424.71,28544.96,27249.0,27553.23,,,,,,,,,,,,,,,,,,,,,,9127.897500714287
0,2022-06-12 04:00:00,27553.22,27677.18,27190.0,27645.89,,,,,,,,,,,,,,,,,,,,,,9127.897500714287
0,2022-06-12 08:00:00,27645.88,27726.15,27342.82,27457.39,,,,,,,,,,,,,,,,,,,,,,9127.897500714287
0,2022-06-12 12:00:00,27457.39,28347.89,26890.0,28094.42,,,,,,,,,,,,,,,,,,,,,,9127.897500714287
0,2022-06-12 16:00:00,28094.42,28238.58,27423.73,27424.71,,,,,,,,,,,,,,,,,,,,,,9127.897500714287
0,2022-06-12 20:00:00,27424.71,27557.05,26560.0,26574.53,,,,,,,,,,,,,,,,,,,,,,9127.897500714287
0,2022-06-13 00:00:00,26574.53,26895.84,24900.0,25520.05,,,,,,,,,,,,,,,,,,,,,,9127.897500714287
0,2022-06-13 04:00:00,25520.05,26257.31,24555.0,24811.59,,,,,,,,,,,,,,,,,,,,,,9127.897500714287
0,2022-06-13 08:00:00,24811.59,24941.17,23500.0,23729.43,,,,,,,,,,,,,,,,,,,,,,9127.897500714287
0,2022-06-13 12:00:00,23729.43,24376.09,22600.0,23271.54,,,,,,,,,,,,,,,,,,,,,,9127.897500714287
0,2022-06-13 16:00:00,23271.53,24204.55,23101.01,23218.22,,,,,,,,,,,,,,,,,,,,,,9127.897500714287
0,2022-06-13 20:00:00,23215.97,23787.3,21925.77,22487.41,,,,,,,,,,,,,,,,,,,,,,9127.897500714287
0,2022-06-14 00:00:00,22485.27,22796.71,20846.0,22127.91,,,,,,,,,,,,,,,,,,,,,,9127.897500714287
0,2022-06-14 04:00:00,22127.92,23362.88,21763.71,22877.52,,,,,,,,,,,,,,,,,,,,,,9127.897500714287
0,2022-06-14 08:00:00,22877.52,22979.96,21725.22,21994.56,,,,,,,,,,,,,,,,,,,,,,9127.897500714287
0,2022-06-14 12:00:00,21994.56,22800.0,21811.01,22680.38,,,,,,,,,,,,,,,,,,,,,,9127.897500714287
0,2022-06-14 16:00:00,22680.38,22777.07,22126.4,22196.28,,,,,,,,,,,,,,,,,,,,,,9127.897500714287
0,2022-06-14 20:00:00,22190.93,22344.0,21358.0,22136.41,,,,,,,,,,,,,,,,,,,,,,9127.897500714287
0,2022-06-15 00:00:00,22136.42,22297.37,21406.68,21455.8,,,,,,,,,,,,,,,,,,,,,,9127.897500714287
0,2022-06-15 04:00:00,21455.8,21490.67,20652.18,20722.92,,,,,,,,,,,,,,,,,,,,,,9127.897500714287
0,2022-06-15 08:00:00,20722.92,21290.0,20111.62,21177.03,,,,,,,,,,,,,,,,,,,,,,9127.897500714287
0,2022-06-15 12:00:00,21177.04,21798.95,21045.13,21419.1,,,,,,,,,,,,,,,,,,,,,,9127.897500714287
0,2022-06-15 16:00:00,21419.09,22496.52,20250.0,21632.04,,,,,,,,,,,,,,,,,,,,,,9127.897500714287
0,2022-06-15 20:00:00,21632.03,22800.0,21450.0,22583.72,,2022-06-15 20:00:00,多頭進場,21632.03,0.518,,2022-06-15 20:00:00,多頭進場,21632.03,0.518,22559.117,20086.88,,,,,,,,LONG Win,,9608.12856671429
0,2022-06-16 00:00:00,22583.72,22995.73,22167.08,22211.62,,,,,,,,,,,,,,,,,,,,,,9608.12856671429
0,2022-06-16 04:00:00,22211.62,22361.98,21646.64,21764.17,,,,,,,,,,,,,,,,,,,,,,9608.12856671429
0,2022-06-16 08:00:00,21764.18,21888.0,20852.35,21044.55,,,,,,,,,,,,,,,,,,,,,,9608.12856671429
0,2022-06-16 12:00:00,21044.56,21510.2,20745.0,21074.77,,,,,,,,,,,,,,,,,,,,,,9608.12856671429
0,2022-06-16 16:00:00,21074.77,21500.0,20818.0,20875.48,,,,,,,,,,,,,,,,,,,,,,9608.12856671429
0,2022-06-16 20:00:00,20875.48,21048.38,20232.0,20401.31,,,,,,,,,,,,,,,,,,,,,,9608.12856671429
0,2022-06-17 00:00:00,20400.6,21059.68,20246.66,20383.38,,,,,,,,,,,,,,,,,,,,,,9608.12856671429
0,2022-06-17 04:00:00,20383.37,21286.01,20326.0,21100.64,,,,,,,,,,,,,,,,,,,,,,9608.12856671429
0,2022-06-17 08:00:00,21100.65,21365.43,20847.49,20972.04,,,,,,,,,,,,,,,,,,,,,,9608.12856671429
0,2022-06-17 12:00:00,20972.04,21047.41,20386.93,20663.7,,,,,,,,,,,,,,,,,,,,,,9608.12856671429
0,2022-06-17 16:00:00,20661.95,20791.96,20440.92,20515.59,,,,,,,,,,,,,,,,,,,,,,9608.12856671429
0,2022-06-17 20:00:00,20515.59,20723.0,20368.2,20468.81,,,,,,,,,,,,,,,,,,,,,,9608.12856671429
0,2022-06-18 00:00:00,20468.81,20792.06,20322.08,20459.65,,,,,,,,,,,,,,,,,,,,,,9608.12856671429
0,2022-06-18 04:00:00,20459.65,20537.34,19066.8,19258.58,,,,,,,,,,,,,,,,,,,,,,9608.12856671429
0,2022-06-18 08:00:00,19258.58,19540.0,18742.5,19243.98,,,,,,,,,,,,,,,,,,,,,,9608.12856671429
0,2022-06-18 12:00:00,19243.99,19291.99,18942.75,18953.76,,,,,,,,,,,,,,,,,,,,,,9608.12856671429
0,2022-06-18 16:00:00,18953.76,19101.28,18031.13,18067.6,,,,,,,,,,,,,,,,,,,,,,9608.12856671429
0,2022-06-18 20:00:00,18067.61,19493.23,17622.0,18970.79,,2022-06-18 20:00:00,空頭進場,18067.61,0.62,,,,,,,,,2022-06-18 20:00:00,空頭進場,18067.61,0.62,17293.28385714286,19358.15,,SHORT Lose,8807.991552428575
0,2022-06-19 00:00:00,18970.79,19198.0,18224.98,18311.09,,,,,,,,,,,,,,,,,,,,,,8807.991552428575
0,2022-06-19 04:00:00,18311.1,18621.57,17960.41,18306.93,,,,,,,,,,,,,,,,,,,,,,8807.991552428575
0,2022-06-19 08:00:00,18307.39,20150.0,18264.67,19692.5,,,,,,,,,,,,,,,,,,,,,,8807.991552428575
0,2022-06-19 12:00:00,19692.49,19945.88,19130.84,19824.97,,2022-06-19 12:00:00,多頭進場,19692.49,0.569,,2022-06-19 12:00:00,多頭進場,19692.49,0.569,20536.45385714286,18285.88,,,,,,,,,,8007.632494571432
0,2022-06-19 16:00:00,19824.96,20344.91,19350.08,20124.08,,,,,,,2022-06-19 12:00:00,多頭進場,19692.49,0.569,20536.45385714286,18285.88,,,,,,,,,,8007.632494571432
0,2022-06-19 20:00:00,20124.07,20815.95,20050.47,20574.0,,,,,,,2022-06-19 12:00:00,多頭進場,19692.49,0.569,20536.45385714286,18285.88,,,,,,,,LONG Win,,9288.206987142861
0,2022-06-20 00:00:00,20574.0,20687.99,19637.03,19980.49,,,,,,,,,,,,,,,,,,,,,,9288.206987142861
0,2022-06-20 04:00:00,19980.49,20258.29,19776.58,20086.63,,,,,,,,,,,,,,,,,,,,,,9288.206987142861
0,2022-06-20 08:00:00,20086.62,21022.0,20023.14,20801.79,,,,,,,,,,,,,,,,,,,,,,9288.206987142861
0,2022-06-20 12:00:00,20801.79,21090.0,20364.33,20824.74,,,,,,,,,,,,,,,,,,,,,,9288.206987142861
0,2022-06-20 16:00:00,20824.74,20832.82,19832.95,20072.81,,,,,,,,,,,,,,,,,,,,,,9288.206987142861
0,2022-06-20 20:00:00,20072.8,20784.77,20001.53,20573.89,,,,,,,,,,,,,,,,,,,,,,9288.206987142861
0,2022-06-21 00:00:00,20573.9,20783.99,20348.4,20614.04,,,,,,,,,,,,,,,,,,,,,,9288.206987142861
0,2022-06-21 04:00:00,20614.04,21333.0,20474.41,21120.28,,,,,,,,,,,,,,,,,,,,,,9288.206987142861
0,2022-06-21 08:00:00,21120.28,21500.01,20911.13,20962.42,,,,,,,,,,,,,,,,,,,,,,9288.206987142861
0,2022-06-21 12:00:00,20962.42,21723.0,20853.36,21392.19,,,,,,,,,,,,,,,,,,,,,,9288.206987142861
0,2022-06-21 16:00:00,21392.18,21550.39,20870.01,20888.64,,,,,,,,,,,,,,,,,,,,,,9288.206987142861
0,2022-06-21 20:00:00,20888.63,21054.99,20551.0,20723.52,,,,,,,,,,,,,,,,,,,,,,9288.206987142861
0,2022-06-22 00:00:00,20723.51,20736.68,20253.96,20317.88,,,,,,,,,,,,,,,,,,,,,,9288.206987142861
0,2022-06-22 04:00:00,20317.89,20595.42,19950.34,20099.62,,,,,,,,,,,,,,,,,,,,,,9288.206987142861
0,2022-06-22 08:00:00,20099.62,20676.7,20038.85,20506.3,,,,,,,,,,,,,,,,,,,,,,9288.206987142861
0,2022-06-22 12:00:00,20506.3,20900.0,20035.54,20080.1,,,,,,,,,,,,,,,,,,,,,,9288.206987142861
0,2022-06-22 16:00:00,20080.85,20380.0,19840.86,20117.34,,,,,,,,,,,,,,,,,,,,,,9288.206987142861
0,2022-06-22 20:00:00,20117.34,20239.87,19770.51,19987.99,,,,,,,,,,,,,,,,,,,,,,9288.206987142861
0,2022-06-23 00:00:00,19988.0,20612.22,19890.07,20213.79,,2022-06-23 00:00:00,空頭進場,19988.0,0.56,,,,,,,,,2022-06-23 00:00:00,空頭進場,19988.0,0.56,19131.371428571427,21415.71,,,8488.68698714286
0,2022-06-23 04:00:00,20213.78,20657.14,20168.26,20461.83,,,,,,,,,,,,,,2022-06-23 00:00:00,空頭進場,19988.0,0.56,19131.371428571427,21415.71,,,8488.68698714286
0,2022-06-23 08:00:00,20461.83,20812.12,20454.32,20638.79,,2022-06-23 08:00:00,多頭進場,20461.83,0.547,,2022-06-23 08:00:00,多頭進場,20461.83,0.547,21338.765571428572,19000.27,,2022-06-23 00:00:00,空頭進場,19988.0,0.56,19131.371428571427,21415.71,,,7689.214057857146
0,2022-06-23 12:00:00,20638.89,20829.21,20287.41,20351.91,,,,,,,2022-06-23 08:00:00,多頭進場,20461.83,0.547,21338.765571428572,19000.27,,2022-06-23 00:00:00,空頭進場,19988.0,0.56,19131.371428571427,21415.71,,,7689.214057857146
0,2022-06-23 16:00:00,20351.91,20945.55,20170.0,20910.06,,,,,,,2022-06-23 08:00:00,多頭進場,20461.83,0.547,21338.765571428572,19000.27,,2022-06-23 00:00:00,空頭進場,19988.0,0.56,19131.371428571427,21415.71,,,7689.214057857146
0,2022-06-23 20:00:00,20910.06,21233.0,20672.72,21110.13,,,,,,,2022-06-23 08:00:00,多頭進場,20461.83,0.547,21338.765571428572,19000.27,,2022-06-23 00:00:00,空頭進場,19988.0,0.56,19131.371428571427,21415.71,,,7689.214057857146
0,2022-06-24 00:00:00,21110.12,21369.85,20973.68,21073.73,,,,,,,2022-06-23 08:00:00,多頭進場,20461.83,0.547,21338.765571428572,19000.27,,2022-06-23 00:00:00,空頭進場,19988.0,0.56,19131.371428571427,21415.71,LONG Win,,8968.370744714288
0,2022-06-24 04:00:00,21073.73,21168.13,20736.72,20913.72,,,,,,,,,,,,,,2022-06-23 00:00:00,空頭進場,19988.0,0.56,19131.371428571427,21415.71,,,8968.370744714288
0,2022-06-24 08:00:00,20913.73,21326.52,20745.01,21169.53,,,,,,,,,,,,,,2022-06-23 00:00:00,空頭進場,19988.0,0.56,19131.371428571427,21415.71,,,8968.370744714288
0,2022-06-24 12:00:00,21169.53,21457.0,20822.9,20884.17,,,,,,,,,,,,,,2022-06-23 00:00:00,空頭進場,19988.0,0.56,19131.371428571427,21415.71,,SHORT Lose,8968.370744714288
0,2022-06-24 16:00:00,20884.17,21267.36,20784.76,21253.61,,,,,,,,,,,,,,,,,,,,,,8968.370744714288
0,2022-06-24 20:00:00,21253.79,21558.41,21146.0,21237.69,,,,,,,,,,,,,,,,,,,,,,8968.370744714288
0,2022-06-25 00:00:00,21237.68,21379.65,21121.72,21300.62,,,,,,,,,,,,,,,,,,,,,,8968.370744714288
0,2022-06-25 04:00:00,21300.62,21614.5,21180.4,21508.13,,,,,,,,,,,,,,,,,,,,,,8968.370744714288
0,2022-06-25 08:00:00,21508.09,21555.71,21318.63,21340.22,,,,,,,,,,,,,,,,,,,,,,8968.370744714288
0,2022-06-25 12:00:00,21340.22,21372.89,20906.62,20961.89,,,,,,,,,,,,,,,,,,,,,,8968.370744714288
0,2022-06-25 16:00:00,20961.89,21271.62,20915.0,21206.2,,,,,,,,,,,,,,,,,,,,,,8968.370744714288
0,2022-06-25 20:00:00,21206.21,21588.43,21146.04,21491.19,,,,,,,,,,,,,,,,,,,,,,8968.370744714288
0,2022-06-26 00:00:00,21491.18,21544.49,21282.13,21426.23,,,,,,,,,,,,,,,,,,,,,,8968.370744714288
0,2022-06-26 04:00:00,21426.23,21526.0,21336.96,21396.52,,,,,,,,,,,,,,,,,,,,,,8968.370744714288
0,2022-06-26 08:00:00,21396.52,21777.0,21365.15,21708.6,,,,,,,,,,,,,,,,,,,,,,8968.370744714288
0,2022-06-26 12:00:00,21708.6,21888.0,21197.12,21326.11,,,,,,,,,,,,,,,,,,,,,,8968.370744714288
0,2022-06-26 16:00:00,21325.98,21445.88,21115.3,21283.6,,,,,,,,,,,,,,,,,,,,,,8968.370744714288
0,2022-06-26 20:00:00,21283.6,21425.0,20964.73,21038.07,,,,,,,,,,,,,,,,,,,,,,8968.370744714288
0,2022-06-27 00:00:00,21038.08,21190.1,20926.01,21171.32,,2022-06-27 00:00:00,空頭進場,21038.08,0.532,,,,,,,,,2022-06-27 00:00:00,空頭進場,21038.08,0.532,20136.448,22540.8,,,8168.923704714288
0,2022-06-27 04:00:00,21171.33,21404.52,21142.86,21363.22,,,,,,,,,,,,,,2022-06-27 00:00:00,空頭進場,21038.08,0.532,20136.448,22540.8,,,8168.923704714288
0,2022-06-27 08:00:00,21363.23,21539.85,21285.48,21304.55,,,,,,,,,,,,,,2022-06-27 00:00:00,空頭進場,21038.08,0.532,20136.448,22540.8,,,8168.923704714288
0,2022-06-27 12:00:00,21304.56,21343.83,20590.0,20754.73,,,,,,,,,,,,,,2022-06-27 00:00:00,空頭進場,21038.08,0.532,20136.448,22540.8,,,8168.923704714288
0,2022-06-27 16:00:00,20754.74,20945.0,20510.0,20855.37,,,,,,,,,,,,,,2022-06-27 00:00:00,空頭進場,21038.08,0.532,20136.448,22540.8,,,8168.923704714288
0,2022-06-27 20:00:00,20855.38,20966.73,20680.0,20742.56,,,,,,,,,,,,,,2022-06-27 00:00:00,空頭進場,21038.08,0.532,20136.448,22540.8,,,8168.923704714288
0,2022-06-28 00:00:00,20742.57,20873.82,20510.0,20735.03,,,,,,,,,,,,,,2022-06-27 00:00:00,空頭進場,21038.08,0.532,20136.448,22540.8,,,8168.923704714288
0,2022-06-28 04:00:00,20735.03,20933.0,20703.3,20879.39,,,,,,,,,,,,,,2022-06-27 00:00:00,空頭進場,21038.08,0.532,20136.448,22540.8,,,8168.923704714288
0,2022-06-28 08:00:00,20879.39,21212.1,20870.01,20998.13,,,,,,,,,,,,,,2022-06-27 00:00:00,空頭進場,21038.08,0.532,20136.448,22540.8,,,8168.923704714288
0,2022-06-28 12:00:00,20998.14,21129.19,20588.0,20606.4,,,,,,,,,,,,,,2022-06-27 00:00:00,空頭進場,21038.08,0.532,20136.448,22540.8,,,8168.923704714288
0,2022-06-28 16:00:00,20606.4,20771.8,20218.0,20255.01,,,,,,,,,,,,,,2022-06-27 00:00:00,空頭進場,21038.08,0.532,20136.448,22540.8,,,8168.923704714288
0,2022-06-28 20:00:00,20255.01,20463.2,20202.01,20281.29,,,,,,,,,,,,,,2022-06-27 00:00:00,空頭進場,21038.08,0.532,20136.448,22540.8,,,8168.923704714288
0,2022-06-29 00:00:00,20281.28,20398.0,20152.0,20282.96,,,,,,,,,,,,,,2022-06-27 00:00:00,空頭進場,21038.08,0.532,20136.448,22540.8,,,8168.923704714288
0,2022-06-29 04:00:00,20282.96,20381.1,19889.0,20093.75,,,,,,,,,,,,,,2022-06-27 00:00:00,空頭進場,21038.08,0.532,20136.448,22540.8,,SHORT Win,9448.038968714289
0,2022-06-29 08:00:00,20093.74,20233.98,19854.92,20104.8,,,,,,,,,,,,,,,,,,,,,,9448.038968714289
0,2022-06-29 12:00:00,20104.81,20254.2,19892.97,20084.48,,,,,,,,,,,,,,,,,,,,,,9448.038968714289
0,2022-06-29 16:00:00,20084.48,20268.0,19921.85,20223.63,,,,,,,,,,,,,,,,,,,,,,9448.038968714289
0,2022-06-29 20:00:00,20223.63,20432.31,20052.74,20123.01,,,,,,,,,,,,,,,,,,,,,,9448.038968714289
0,2022-06-30 00:00:00,20123.0,20179.08,19951.08,20077.01,,,,,,,,,,,,,,,,,,,,,,9448.038968714289
0,2022-06-30 04:00:00,20077.01,20091.15,19310.0,19435.9,,,,,,,,,,,,,,,,,,,,,,9448.038968714289
0,2022-06-30 08:00:00,19435.89,19440.73,18921.59,19101.36,,,,,,,,,,,,,,,,,,,,,,9448.038968714289
0,2022-06-30 12:00:00,19101.35,19341.26,18756.71,19143.98,,,,,,,,,,,,,,,,,,,,,,9448.038968714289
0,2022-06-30 16:00:00,19143.97,19295.89,18850.21,18927.34,,,,,,,,,,,,,,,,,,,,,,9448.038968714289
0,2022-06-30 20:00:00,18927.33,19980.0,18626.0,19942.21,,,,,,,,,,,,,,,,,,,,,,9448.038968714289
0,2022-07-01 00:00:00,19942.21,20918.35,19658.97,19730.76,,,,,,,,,,,,,,,,,,,,,,9448.038968714289
