,klines_open_time,klines_open_price,klines_high_price,klines_low_price,klines_close_price,klines_EMA,RSI,space 1,order_entry_time,order_entry_direction,order_price,order_buy,order_quantity,order_profit,order_liquidation,space 2,Long Result,Short Result,Property
0,2020-07-01 00:00:00,9138.08,9292.0,9080.1,9232.0,9043.56,43.64,,,,,200000.0,,,,,,,1000000.0
0,2020-07-02 00:00:00,9231.99,9261.96,8940.0,9086.54,9048.87,46.95,,,,,200000.0,,,,,,,1000000.0
0,2020-07-03 00:00:00,9086.54,9125.0,9037.47,9058.26,9049.93,42.71,,,,,200000.0,,,,,,,1000000.0
0,2020-07-04 00:00:00,9057.79,9190.0,9040.04,9135.46,9050.15,41.9,,,,,200000.0,,,,,,,1000000.0
0,2020-07-05 00:00:00,9135.0,9145.24,8893.03,9069.41,9052.54,44.97,,,,,200000.0,,,,,,,1000000.0
0,2020-07-06 00:00:00,9069.41,9375.0,9055.92,9344.2,9053.01,42.87,,,,,200000.0,,,,,,,1000000.0
0,2020-07-07 00:00:00,9342.47,9379.42,9203.0,9257.39,9061.17,52.88,,,,,200000.0,,,,,,,1000000.0
0,2020-07-08 00:00:00,9257.4,9470.0,9231.0,9436.06,9066.7,49.91,,,,,200000.0,,,,,,,1000000.0
0,2020-07-09 00:00:00,9436.06,9440.79,9160.0,9232.43,9077.1,55.63,,,,,200000.0,,,,,,,1000000.0
0,2020-07-10 00:00:00,9232.42,9317.48,9125.0,9288.34,9081.48,48.71,,,,,200000.0,,,,,,,1000000.0
0,2020-07-11 00:00:00,9288.34,9299.28,9178.25,9234.03,9087.3,50.55,,,,,200000.0,,,,,,,1000000.0
0,2020-07-12 00:00:00,9234.02,9345.0,9157.5,9302.75,9091.44,48.7,,,,,200000.0,,,,,,,1000000.0
0,2020-07-13 00:00:00,9303.31,9343.82,9200.89,9242.62,9097.4,51.19,,,,,200000.0,,,,,,,1000000.0
0,2020-07-14 00:00:00,9242.61,9279.54,9113.0,9255.85,9101.49,48.92,,,,,200000.0,,,,,,,1000000.0
0,2020-07-15 00:00:00,9255.85,9276.49,9160.57,9197.6,9105.84,49.46,,,,,200000.0,,,,,,,1000000.0
0,2020-07-16 00:00:00,9197.6,9226.15,9047.25,9133.72,9108.43,47.1,,,,,200000.0,,,,,,,1000000.0
0,2020-07-17 00:00:00,9133.72,9186.83,9089.81,9154.32,9109.14,44.56,,,,,200000.0,,,,,,,1000000.0
0,2020-07-18 00:00:00,9154.31,9219.3,9121.1,9170.28,9110.41,45.59,,,,,200000.0,,,,,,,1000000.0
0,2020-07-19 00:00:00,9170.3,9232.27,9101.35,9208.99,9112.1,46.43,,,,,200000.0,,,,,,,1000000.0
0,2020-07-20 00:00:00,9208.99,9221.52,9131.0,9160.78,9114.83,48.54,,,,,200000.0,,,,,,,1000000.0
0,2020-07-21 00:00:00,9160.78,9437.73,9152.8,9390.0,9116.12,46.08,,,,,200000.0,,,,,,,1000000.0
0,2020-07-22 00:00:00,9390.0,9544.0,9261.0,9518.16,9123.84,57.32,,2020-07-22 00:00:00,多頭進場,9390.0,200000.0,532.481,9577.8,9014.4,,"Long Win : 0
Long Lose : 0
Uncertain : 0
Nothing : 1",,800000.0
0,2020-07-23 00:00:00,9518.16,9664.0,9440.33,9603.27,9134.95,62.14,,,,,200000.0,,,,,"Long Win : 1
Long Lose : 0
Uncertain : 0
Nothing : 0",,1100000.0
0,2020-07-24 00:00:00,9603.27,9637.0,9463.44,9537.8,9148.14,65.0,,,,,200000.0,,,,,,,1100000.0
0,2020-07-25 00:00:00,9538.1,9732.9,9513.0,9700.42,9159.12,61.14,,,,,200000.0,,,,,,,1100000.0
0,2020-07-26 00:00:00,9700.42,10111.0,9650.0,9931.54,9174.37,66.54,,,,,200000.0,,,,,,,1100000.0
0,2020-07-27 00:00:00,9931.54,11394.86,9917.21,11029.96,9195.7,72.48,,,,,200000.0,,,,,,,1100000.0
0,2020-07-28 00:00:00,11029.96,11242.23,10565.0,10906.27,9247.37,85.67,,,,,200000.0,,,,,,,1100000.0
0,2020-07-29 00:00:00,10906.27,11342.82,10812.0,11100.53,9294.1,80.91,,,,,200000.0,,,,,,,1100000.0
0,2020-07-30 00:00:00,11100.52,11170.0,10831.0,11099.61,9344.98,82.57,,,,,200000.0,,,,,,,1100000.0
0,2020-07-31 00:00:00,11099.79,11444.0,10960.0,11335.46,9394.41,82.54,,,,,201500.0,,,,,,,1105000.0
0,2020-08-01 00:00:00,11335.46,11861.0,11220.0,11801.17,9449.09,84.49,,,,,201500.0,,,,,,,1105000.0
0,2020-08-02 00:00:00,11801.17,12123.46,10518.5,11071.35,9515.35,87.49,,,,,201500.0,,,,,,,1105000.0
0,2020-08-03 00:00:00,11071.36,11473.0,10936.0,11219.81,9559.18,65.72,,,,,201500.0,,,,,,,1105000.0
0,2020-08-04 00:00:00,11219.68,11414.98,11000.0,11191.97,9605.95,67.51,,,,,201500.0,,,,,,,1105000.0
0,2020-08-05 00:00:00,11191.99,11780.93,11093.0,11744.91,9650.63,66.8,,,,,201500.0,,,,,,,1105000.0
0,2020-08-06 00:00:00,11744.91,11900.0,11562.5,11762.46,9709.62,73.0,,,,,201500.0,,,,,,,1105000.0
0,2020-08-07 00:00:00,11762.47,11909.94,11322.0,11594.23,9767.45,73.17,,,,,201500.0,,,,,,,1105000.0
0,2020-08-08 00:00:00,11594.36,11808.27,11512.0,11761.41,9818.91,68.57,,,,,201500.0,,,,,,,1105000.0
0,2020-08-09 00:00:00,11761.02,11797.11,11521.97,11681.68,9873.62,70.57,,,,,201500.0,,,,,,,1105000.0
0,2020-08-10 00:00:00,11681.69,12067.35,11450.0,11892.92,9924.55,68.31,,,,,201500.0,,,,,,,1105000.0
0,2020-08-11 00:00:00,11892.9,11935.0,11125.0,11392.08,9980.0,71.01,,,,,201500.0,,,,,,,1105000.0
0,2020-08-12 00:00:00,11392.09,11617.52,11150.0,11564.33,10019.78,58.2,,,,,201500.0,,,,,,,1105000.0
0,2020-08-13 00:00:00,11564.34,11792.96,11270.36,11780.0,10063.28,60.85,,,,,201500.0,,,,,,,1105000.0
0,2020-08-14 00:00:00,11779.77,11850.0,11634.03,11760.54,10111.64,63.97,,,,,201500.0,,,,,,,1105000.0
0,2020-08-15 00:00:00,11760.55,11980.0,11680.0,11852.4,10158.08,63.47,,,,,201500.0,,,,,,,1105000.0
0,2020-08-16 00:00:00,11852.4,11931.72,11686.0,11911.0,10205.81,64.88,,,,,201500.0,,,,,,,1105000.0
0,2020-08-17 00:00:00,11910.99,12468.0,11769.78,12281.13,10253.84,65.8,,,,,201500.0,,,,,,,1105000.0
0,2020-08-18 00:00:00,12281.15,12387.77,11817.93,11945.01,10310.95,71.02,,,,,201500.0,,,,,,,1105000.0
0,2020-08-19 00:00:00,11945.1,12020.08,11561.0,11754.59,10356.98,61.7,,,,,201500.0,,,,,,,1105000.0
0,2020-08-20 00:00:00,11754.38,11888.0,11668.0,11853.55,10396.35,57.06,,,,,201500.0,,,,,,,1105000.0
0,2020-08-21 00:00:00,11853.54,11878.0,11485.81,11531.34,10437.4,58.81,,,,,201500.0,,,,,,,1105000.0
0,2020-08-22 00:00:00,11531.23,11686.0,11376.81,11662.96,10468.21,51.37,,,,,201500.0,,,,,,,1105000.0
0,2020-08-23 00:00:00,11663.51,11718.07,11514.13,11648.13,10501.88,53.98,,,,,201500.0,,,,,,,1105000.0
0,2020-08-24 00:00:00,11648.12,11824.9,11585.09,11748.2,10534.17,53.61,,,,,201500.0,,,,,,,1105000.0
0,2020-08-25 00:00:00,11748.19,11767.85,11117.64,11318.42,10568.36,55.74,,,,,201500.0,,,,,,,1105000.0
0,2020-08-26 00:00:00,11318.42,11539.32,11244.0,11461.43,10589.49,45.89,,,,,201500.0,,,,,,,1105000.0
0,2020-08-27 00:00:00,11461.42,11592.2,11125.0,11330.38,10614.05,49.15,,,,,201500.0,,,,,,,1105000.0
0,2020-08-28 00:00:00,11330.38,11542.65,11276.89,11526.91,10634.23,46.36,,,,,201500.0,,,,,,,1105000.0
0,2020-08-29 00:00:00,11526.9,11580.02,11417.04,11465.84,10659.38,50.92,,,,,201500.0,,,,,,,1105000.0
0,2020-08-30 00:00:00,11465.84,11719.0,11458.0,11711.16,10682.09,49.49,,,,,203000.0,,,,,,,1110000.0
0,2020-08-31 00:00:00,11711.17,11800.77,11570.0,11649.51,10711.08,55.02,,,,,203000.0,,,,,,,1110000.0
0,2020-09-01 00:00:00,11649.51,12050.85,11515.0,11921.97,10737.52,53.42,,,,,203000.0,,,,,,,1110000.0
0,2020-09-02 00:00:00,11921.97,11954.57,11160.1,11388.54,10770.88,59.15,,,,,203000.0,,,,,,,1110000.0
0,2020-09-03 00:00:00,11388.54,11462.6,9960.8,10140.85,10788.28,46.84,,,,,203000.0,,,,,,,1110000.0
0,2020-09-04 00:00:00,10138.29,10627.05,9875.5,10446.25,10769.97,30.57,,,,,203000.0,,,,,,,1110000.0
0,2020-09-05 00:00:00,10446.25,10565.68,9825.0,10166.69,10760.85,36.5,,,,,203000.0,,,,,,,1110000.0
0,2020-09-06 00:00:00,10166.69,10347.14,9994.86,10256.2,10744.12,33.65,,,,,203000.0,,,,,,,1110000.0
0,2020-09-07 00:00:00,10255.89,10410.75,9875.0,10373.44,10730.36,35.41,,,,,203000.0,,,,,,,1110000.0
0,2020-09-08 00:00:00,10373.45,10438.0,9850.0,10126.65,10720.31,37.77,,,,,203000.0,,,,,,,1110000.0
0,2020-09-09 00:00:00,10126.66,10343.0,9981.01,10219.2,10703.59,34.85,,,,,203000.0,,,,,,,1110000.0
0,2020-09-10 00:00:00,10219.29,10483.35,10070.83,10336.87,10689.94,36.85,,,,,203000.0,,,,,,,1110000.0
0,2020-09-11 00:00:00,10336.86,10397.6,10200.0,10387.89,10680.0,39.42,,,,,203000.0,,,,,,,1110000.0
0,2020-09-12 00:00:00,10387.89,10477.97,10269.25,10440.92,10671.77,40.57,,,,,203000.0,,,,,,,1110000.0
0,2020-09-13 00:00:00,10440.67,10580.11,10200.0,10332.83,10665.26,41.81,,,,,203000.0,,,,,,,1110000.0
0,2020-09-14 00:00:00,10332.84,10750.0,10212.34,10671.77,10655.9,39.95,,,,,203000.0,,,,,,,1110000.0
0,2020-09-15 00:00:00,10671.77,10930.04,10606.48,10785.31,10656.34,47.9,,,,,203000.0,,,,,,,1110000.0
0,2020-09-16 00:00:00,10785.23,11093.0,10661.22,10954.01,10659.97,50.31,,2020-09-16 00:00:00,多頭進場,10785.23,203000.0,470.551,11000.934599999999,10353.82,,"Long Win : 1
Long Lose : 0
Uncertain : 0
Nothing : 0",,1211500.0
0,2020-09-17 00:00:00,10954.01,11045.46,10745.83,10939.99,10668.26,53.77,,,,,203000.0,,,,,,,1211500.0
0,2020-09-18 00:00:00,10940.0,11038.03,10812.84,10933.39,10675.91,53.43,,,,,203000.0,,,,,,,1211500.0
0,2020-09-19 00:00:00,10933.4,11179.79,10887.37,11080.65,10683.16,53.26,,,,,203000.0,,,,,,,1211500.0
0,2020-09-20 00:00:00,11080.64,11080.64,10723.0,10920.28,10694.36,56.65,,,,,203000.0,,,,,,,1211500.0
0,2020-09-21 00:00:00,10920.28,10988.86,10296.35,10417.22,10700.72,52.16,,,,,203000.0,,,,,,,1211500.0
0,2020-09-22 00:00:00,10417.22,10572.71,10353.0,10529.61,10692.74,41.02,,,,,203000.0,,,,,,,1211500.0
0,2020-09-23 00:00:00,10529.61,10537.15,10136.82,10241.46,10688.14,43.94,,,,,203000.0,,,,,,,1211500.0
0,2020-09-24 00:00:00,10241.46,10795.24,10190.93,10736.32,10675.56,38.6,,,,,203000.0,,,,,,,1211500.0
0,2020-09-25 00:00:00,10736.33,10760.53,10556.24,10686.67,10677.27,49.99,,,,,203000.0,,,,,,,1211500.0
0,2020-09-26 00:00:00,10686.57,10820.94,10644.68,10728.6,10677.53,48.99,,,,,203000.0,,,,,,,1211500.0
0,2020-09-27 00:00:00,10728.59,10799.0,10594.82,10774.25,10678.97,49.91,,,,,203000.0,,,,,,,1211500.0
0,2020-09-28 00:00:00,10774.26,10950.0,10626.0,10696.12,10681.66,50.96,,,,,203000.0,,,,,,,1211500.0
0,2020-09-29 00:00:00,10696.11,10867.54,10635.87,10840.48,10682.06,49.04,,,,,204500.0,,,,,,,1216500.0
0,2020-09-30 00:00:00,10840.58,10849.34,10665.13,10776.59,10686.53,52.64,,,,,204500.0,,,,,,,1216500.0
0,2020-10-01 00:00:00,10776.59,10920.0,10437.0,10619.13,10689.07,50.9,,,,,204500.0,,,,,,,1216500.0
0,2020-10-02 00:00:00,10619.13,10664.64,10374.0,10570.4,10687.1,46.77,,,,,204500.0,,,,,,,1216500.0
0,2020-10-03 00:00:00,10570.4,10603.56,10496.46,10542.06,10683.81,45.52,,,,,204500.0,,,,,,,1216500.0
0,2020-10-04 00:00:00,10542.07,10696.87,10517.87,10666.63,10679.82,44.76,,,,,204500.0,,,,,,,1216500.0
0,2020-10-05 00:00:00,10666.62,10798.0,10615.64,10792.21,10679.44,48.84,,,,,204500.0,,,,,,,1216500.0
0,2020-10-06 00:00:00,10792.2,10800.0,10525.0,10599.66,10682.62,52.69,,,,,204500.0,,,,,,,1216500.0
0,2020-10-07 00:00:00,10599.65,10681.87,10546.17,10666.39,10680.28,46.8,,,,,204500.0,,,,,,,1216500.0
0,2020-10-08 00:00:00,10666.4,10950.0,10530.41,10925.57,10679.89,48.96,,,,,204500.0,,,,,,,1216500.0
0,2020-10-09 00:00:00,10925.44,11104.64,10829.0,11050.64,10686.81,56.44,,,,,204500.0,,,,,,,1216500.0
0,2020-10-10 00:00:00,11050.64,11491.0,11050.51,11293.22,10697.06,59.56,,,,,204500.0,,,,,,,1216500.0
0,2020-10-11 00:00:00,11293.22,11445.0,11221.0,11369.02,10713.85,64.89,,,,,204500.0,,,,,,,1216500.0
0,2020-10-12 00:00:00,11369.02,11720.01,11172.0,11528.25,10732.31,66.39,,,,,204500.0,,,,,,,1216500.0
0,2020-10-13 00:00:00,11528.24,11557.0,11300.0,11420.56,10754.73,69.4,,,,,204500.0,,,,,,,1216500.0
0,2020-10-14 00:00:00,11420.57,11547.98,11280.0,11417.89,10773.48,65.1,,,,,204500.0,,,,,,,1216500.0
0,2020-10-15 00:00:00,11417.89,11617.34,11250.83,11505.12,10791.64,64.99,,,,,204500.0,,,,,,,1216500.0
0,2020-10-16 00:00:00,11505.13,11541.15,11200.0,11319.32,10811.73,66.96,,,,,204500.0,,,,,,,1216500.0
0,2020-10-17 00:00:00,11319.24,11402.42,11255.0,11360.2,10826.03,59.21,,,,,204500.0,,,,,,,1216500.0
0,2020-10-18 00:00:00,11360.31,11505.0,11346.22,11503.14,10841.08,60.32,,,,,204500.0,,,,,,,1216500.0
0,2020-10-19 00:00:00,11503.14,11823.99,11407.96,11751.47,10859.73,64.02,,,,,204500.0,,,,,,,1216500.0
0,2020-10-20 00:00:00,11751.46,12038.38,11677.59,11909.99,10884.85,69.44,,,,,204500.0,,,,,,,1216500.0
0,2020-10-21 00:00:00,11910.0,13217.68,11886.95,12780.96,10913.73,72.33,,,,,204500.0,,,,,,,1216500.0
0,2020-10-22 00:00:00,12780.75,13185.0,12678.08,12968.52,10966.32,82.36,,,,,204500.0,,,,,,,1216500.0
0,2020-10-23 00:00:00,12968.84,13027.69,12720.08,12923.07,11022.73,83.75,,,,,204500.0,,,,,,,1216500.0
0,2020-10-24 00:00:00,12923.06,13166.73,12870.0,13111.73,11076.26,82.03,,,,,204500.0,,,,,,,1216500.0
0,2020-10-25 00:00:00,13111.73,13350.0,12888.0,13028.83,11133.6,83.55,,,,,204500.0,,,,,,,1216500.0
0,2020-10-26 00:00:00,13029.64,13238.81,12765.0,13052.19,11187.01,80.33,,,,,204500.0,,,,,,,1216500.0
0,2020-10-27 00:00:00,13052.15,13789.29,13019.87,13636.17,11239.54,80.56,,,,,204500.0,,,,,,,1216500.0
0,2020-10-28 00:00:00,13636.16,13859.48,12888.0,13266.4,11307.05,85.29,,,,,204500.0,,,,,,,1216500.0
0,2020-10-29 00:00:00,13266.4,13642.91,12920.77,13455.7,11362.25,73.01,,,,,206000.0,,,,,,,1221500.0
0,2020-10-30 00:00:00,13455.69,13669.98,13115.0,13560.1,11421.22,75.02,,,,,206000.0,,,,,,,1221500.0
0,2020-10-31 00:00:00,13560.1,14100.0,13411.5,13791.0,11481.47,76.09,,,,,206000.0,,,,,,,1221500.0
0,2020-11-01 00:00:00,13791.0,13895.0,13603.0,13761.5,11546.53,78.33,,,,,206000.0,,,,,,,1221500.0
0,2020-11-02 00:00:00,13761.49,13830.0,13195.05,13549.37,11608.92,77.32,,,,,206000.0,,,,,,,1221500.0
0,2020-11-03 00:00:00,13549.63,14066.11,13284.99,14023.53,11663.59,70.23,,,,,206000.0,,,,,,,1221500.0
0,2020-11-04 00:00:00,14023.53,14259.0,13525.0,14144.01,11730.06,75.67,,,,,206000.0,,,,,,,1221500.0
0,2020-11-05 00:00:00,14144.01,15750.0,14093.56,15590.02,11798.06,76.85,,,,,206000.0,,,,,,,1221500.0
0,2020-11-06 00:00:00,15590.02,15960.0,15166.0,15579.92,11904.88,85.82,,,,,206000.0,,,,,,,1221500.0
0,2020-11-07 00:00:00,15579.93,15753.52,14344.22,14818.3,12008.4,85.56,,,,,206000.0,,,,,,,1221500.0
0,2020-11-08 00:00:00,14818.3,15650.0,14703.88,15475.1,12087.55,68.89,,,,,206000.0,,,,,,,1221500.0
0,2020-11-09 00:00:00,15475.1,15840.0,14805.54,15328.41,12182.98,73.71,,,,,206000.0,,,,,,,1221500.0
0,2020-11-10 00:00:00,15328.41,15460.0,15072.46,15297.21,12271.58,71.03,,,,,206000.0,,,,,,,1221500.0
0,2020-11-11 00:00:00,15297.21,15965.0,15272.68,15684.24,12356.81,70.43,,,,,206000.0,,,,,,,1221500.0
0,2020-11-12 00:00:00,15684.25,16340.7,15440.64,16291.86,12450.54,73.44,,,,,206000.0,,,,,,,1221500.0
0,2020-11-13 00:00:00,16291.85,16480.0,15952.35,16320.7,12558.75,77.38,,,,,206000.0,,,,,,,1221500.0
0,2020-11-14 00:00:00,16320.04,16326.99,15670.0,16070.45,12664.7,77.55,,,,,206000.0,,,,,,,1221500.0
0,2020-11-15 00:00:00,16069.56,16180.0,15774.72,15957.0,12760.61,72.32,,,,,206000.0,,,,,,,1221500.0
0,2020-11-16 00:00:00,15957.0,16880.0,15864.0,16713.57,12850.65,70.01,,,,,206000.0,,,,,,,1221500.0
0,2020-11-17 00:00:00,16713.08,17858.82,16538.0,17659.38,12959.45,75.7,,,,,206000.0,,,,,,,1221500.0
0,2020-11-18 00:00:00,17659.38,18476.93,17214.45,17776.12,13091.84,80.71,,,,,206000.0,,,,,,,1221500.0
0,2020-11-19 00:00:00,17777.75,18179.8,17335.65,17802.82,13223.84,81.23,,,,,206000.0,,,,,,,1221500.0
0,2020-11-20 00:00:00,17802.81,18815.22,17740.04,18655.67,13352.82,81.35,,,,,206000.0,,,,,,,1221500.0
0,2020-11-21 00:00:00,18655.66,18965.9,18308.58,18703.8,13502.2,84.87,,,,,206000.0,,,,,,,1221500.0
0,2020-11-22 00:00:00,18703.8,18750.0,17610.86,18414.43,13648.72,85.05,,,,,206000.0,,,,,,,1221500.0
0,2020-11-23 00:00:00,18413.88,18766.0,18000.0,18368.0,13782.95,79.07,,,,,206000.0,,,,,,,1221500.0
0,2020-11-24 00:00:00,18368.01,19418.97,18018.0,19160.01,13912.11,78.13,,,,,206000.0,,,,,,,1221500.0
0,2020-11-25 00:00:00,19160.0,19484.21,18500.27,18719.11,14059.94,82.15,,,,,206000.0,,,,,,,1221500.0
0,2020-11-26 00:00:00,18718.83,18915.03,16188.0,17149.47,14191.17,73.89,,,,,206000.0,,,,,,,1221500.0
0,2020-11-27 00:00:00,17149.47,17457.62,16438.08,17139.52,14274.51,53.15,,,,,206000.0,,,,,,,1221500.0
0,2020-11-28 00:00:00,17139.53,17880.49,16865.56,17719.85,14355.21,53.04,,,,,207500.0,,,,,,,1226500.0
0,2020-11-29 00:00:00,17719.84,18360.05,17517.0,18184.99,14449.99,58.2,,,,,207500.0,,,,,,,1226500.0
0,2020-11-30 00:00:00,18185.0,19863.16,18184.99,19695.87,14555.2,61.86,,,,,207500.0,,,,,,,1226500.0
0,2020-12-01 00:00:00,19695.87,19888.0,18001.12,18764.96,14700.01,70.89,,,,,207500.0,,,,,,,1226500.0
0,2020-12-02 00:00:00,18764.96,19342.0,18330.0,19204.09,14814.51,61.16,,,,,207500.0,,,,,,,1226500.0
0,2020-12-03 00:00:00,19204.08,19598.0,18867.2,19421.9,14938.16,63.72,,,,,207500.0,,,,,,,1226500.0
0,2020-12-04 00:00:00,19422.34,19527.0,18565.31,18650.52,15064.48,64.97,,,,,207500.0,,,,,,,1226500.0
0,2020-12-05 00:00:00,18650.51,19177.0,18500.0,19147.66,15165.49,57.33,,,,,207500.0,,,,,,,1226500.0
0,2020-12-06 00:00:00,19147.66,19420.0,18857.0,19359.4,15277.67,60.59,,,,,207500.0,,,,,,,1226500.0
0,2020-12-07 00:00:00,19358.67,19420.91,18902.88,19166.9,15392.63,61.93,,,,,207500.0,,,,,,,1226500.0
0,2020-12-08 00:00:00,19166.9,19294.84,18200.0,18324.11,15498.94,59.91,,,,,207500.0,,,,,,,1226500.0
0,2020-12-09 00:00:00,18324.11,18639.57,17650.0,18541.28,15578.53,51.78,,,,,207500.0,,,,,,,1226500.0
0,2020-12-10 00:00:00,18541.29,18557.32,17911.12,18254.63,15661.98,53.55,,,,,207500.0,,,,,,,1226500.0
0,2020-12-11 00:00:00,18254.81,18292.73,17572.33,18036.53,15735.02,50.86,,,,,207500.0,,,,,,,1226500.0
0,2020-12-12 00:00:00,18036.53,18948.66,18020.7,18808.69,15799.85,48.82,,,,,207500.0,,,,,,,1226500.0
0,2020-12-13 00:00:00,18808.69,19411.0,18711.12,19174.99,15884.61,55.68,,,,,207500.0,,,,,,,1226500.0
0,2020-12-14 00:00:00,19174.99,19349.0,19000.0,19273.14,15977.3,58.55,,,,,207500.0,,,,,,,1226500.0
0,2020-12-15 00:00:00,19273.69,19570.0,19050.0,19426.43,16070.15,59.32,,,,,207500.0,,,,,,,1226500.0
0,2020-12-16 00:00:00,19426.43,21560.0,19278.6,21335.52,16164.69,60.57,,,,,207500.0,,,,,,,1226500.0
0,2020-12-17 00:00:00,21335.52,23800.0,21230.0,22797.16,16310.35,72.18,,,,,207500.0,,,,,,,1226500.0
0,2020-12-18 00:00:00,22797.15,23285.18,22350.0,23107.39,16493.08,77.67,,,,,207500.0,,,,,,,1226500.0
0,2020-12-19 00:00:00,23107.39,24171.47,22750.0,23821.61,16679.4,78.64,,,,,207500.0,,,,,,,1226500.0
0,2020-12-20 00:00:00,23821.6,24295.0,23060.0,23455.52,16880.59,80.75,,,,,207500.0,,,,,,,1226500.0
0,2020-12-21 00:00:00,23455.54,24102.77,21815.0,22719.71,17065.8,76.52,,,,,207500.0,,,,,,,1226500.0
0,2020-12-22 00:00:00,22719.88,23837.1,22353.4,23810.79,17225.07,68.64,,,,,207500.0,,,,,,,1226500.0
0,2020-12-23 00:00:00,23810.79,24100.0,22600.0,23232.76,17410.58,73.12,,,,,207500.0,,,,,,,1226500.0
0,2020-12-24 00:00:00,23232.39,23794.43,22703.42,23729.2,17574.57,67.54,,,,,207500.0,,,,,,,1226500.0
0,2020-12-25 00:00:00,23728.99,24789.86,23433.6,24712.47,17747.94,69.7,,,,,207500.0,,,,,,,1226500.0
0,2020-12-26 00:00:00,24712.47,26867.03,24500.0,26493.39,17944.12,73.52,,,,,207500.0,,,,,,,1226500.0
0,2020-12-27 00:00:00,26493.4,28422.0,25700.0,26281.66,18184.95,78.8,,,,,207500.0,,,,,,,1226500.0
0,2020-12-28 00:00:00,26281.54,27500.0,26101.0,27079.41,18413.02,76.81,,,,,209000.0,,,,,,,1231500.0
0,2020-12-29 00:00:00,27079.42,27410.0,25880.0,27385.0,18657.14,78.99,,,,,209000.0,,,,,,,1231500.0
0,2020-12-30 00:00:00,27385.0,28996.0,27320.0,28875.54,18903.0,79.78,,,,,209000.0,,,,,,,1231500.0
0,2020-12-31 00:00:00,28875.55,29300.0,27850.0,28923.63,19183.92,83.16,,,,,209000.0,,,,,,,1231500.0
0,2021-01-01 00:00:00,28923.63,29600.0,28624.57,29331.69,19458.27,83.26,,,,,209000.0,,,,,,,1231500.0
0,2021-01-02 00:00:00,29331.7,33300.0,28946.53,32178.33,19736.4,84.12,,,,,209000.0,,,,,,,1231500.0
0,2021-01-03 00:00:00,32176.45,34778.11,31962.99,33000.05,20086.82,88.58,,,,,209000.0,,,,,,,1231500.0
0,2021-01-04 00:00:00,33000.05,33600.0,28130.0,31988.71,20450.58,89.51,,,,,209000.0,,,,,,,1231500.0
0,2021-01-05 00:00:00,31989.75,34360.0,29900.0,33949.53,20775.62,80.71,,,,,209000.0,,,,,,,1231500.0
0,2021-01-06 00:00:00,33949.53,36939.21,33288.0,36769.36,21146.72,84.03,,,,,209000.0,,,,,,,1231500.0
0,2021-01-07 00:00:00,36769.36,40365.0,36300.0,39432.28,21586.79,87.43,,,,,209000.0,,,,,,,1231500.0
0,2021-01-08 00:00:00,39432.48,41950.0,36500.0,40582.81,22089.49,89.69,,,,,209000.0,,,,,,,1231500.0
0,2021-01-09 00:00:00,40586.96,41380.0,38720.0,40088.22,22610.54,90.5,,,,,209000.0,,,,,,,1231500.0
0,2021-01-10 00:00:00,40088.22,41350.0,35111.11,38150.02,23102.87,87.28,,,,,209000.0,,,,,,,1231500.0
0,2021-01-11 00:00:00,38150.02,38264.74,30420.0,35404.47,23526.74,75.82,,,,,209000.0,,,,,,,1231500.0
0,2021-01-12 00:00:00,35410.37,36628.0,32531.0,34051.24,23861.49,63.06,,,,,209000.0,,,,,,,1231500.0
0,2021-01-13 00:00:00,34049.15,37850.0,32380.0,37371.38,24148.46,57.79,,,,,209000.0,,,,,,,1231500.0
0,2021-01-14 00:00:00,37371.38,40100.0,36701.23,39144.5,24520.94,65.48,,,,,209000.0,,,,,,,1231500.0
0,2021-01-15 00:00:00,39145.21,39747.76,34408.0,36742.22,24932.89,68.79,,,,,209000.0,,,,,,,1231500.0
0,2021-01-16 00:00:00,36737.43,37950.0,35357.8,35994.98,25265.41,60.23,,,,,209000.0,,,,,,,1231500.0
0,2021-01-17 00:00:00,35994.98,36852.5,33850.0,35828.61,25567.65,57.82,,,,,209000.0,,,,,,,1231500.0
0,2021-01-18 00:00:00,35824.99,37469.83,34800.0,36631.27,25856.59,57.24,,,,,209000.0,,,,,,,1231500.0
0,2021-01-19 00:00:00,36622.46,37850.0,35844.06,35891.49,26159.86,59.31,,,,,209000.0,,,,,,,1231500.0
0,2021-01-20 00:00:00,35901.94,36415.31,33400.0,35468.23,26434.28,56.61,,,,,209000.0,,,,,,,1231500.0
0,2021-01-21 00:00:00,35468.23,35600.0,30071.0,30850.13,26688.76,54.97,,,,,209000.0,,,,,,,1231500.0
0,2021-01-22 00:00:00,30851.99,33826.53,28850.0,32945.17,26806.03,41.12,,,,,209000.0,,,,,,,1231500.0
0,2021-01-23 00:00:00,32950.0,33456.0,31390.16,32078.0,26979.1,47.66,,,,,209000.0,,,,,,,1231500.0
0,2021-01-24 00:00:00,32078.0,33071.0,30900.0,32259.9,27122.73,45.38,,,,,209000.0,,,,,,,1231500.0
0,2021-01-25 00:00:00,32259.45,34875.0,31910.0,32254.2,27267.43,45.96,,,,,209000.0,,,,,,,1231500.0
0,2021-01-26 00:00:00,32254.19,32921.88,30837.37,32467.77,27407.9,45.95,,,,,209000.0,,,,,,,1231500.0
0,2021-01-27 00:00:00,32464.01,32557.29,29241.72,30366.15,27550.33,46.74,,,,,210500.0,,,,,,,1236500.0
0,2021-01-28 00:00:00,30362.19,33783.98,29842.1,33364.86,27629.53,40.31,,,,,210500.0,,,,,,,1236500.0
0,2021-01-29 00:00:00,33368.18,38531.9,31915.4,34252.2,27791.19,50.85,,,,,210500.0,,,,,,,1236500.0
0,2021-01-30 00:00:00,34246.28,34933.0,32825.0,34262.88,27973.02,53.47,,,,,210500.0,,,,,,,1236500.0
0,2021-01-31 00:00:00,34262.89,34342.69,32171.67,33092.98,28150.2,53.52,,,,,210500.0,,,,,,,1236500.0
0,2021-02-01 00:00:00,33092.97,34717.27,32296.16,33526.37,28289.43,49.36,,,,,210500.0,,,,,,,1236500.0
0,2021-02-02 00:00:00,33517.09,35984.33,33418.0,35466.24,28436.69,50.87,,,,,210500.0,,,,,,,1236500.0
0,2021-02-03 00:00:00,35472.71,37662.63,35362.38,37618.87,28634.89,57.29,,,,,210500.0,,,,,,,1236500.0
0,2021-02-04 00:00:00,37620.26,38708.27,36161.95,36936.66,28888.0,63.07,,2021-02-04 00:00:00,多頭進場,37620.26,210500.0,139.885,38372.6652,36115.45,,"Long Win : 1
Long Lose : 0
Uncertain : 0
Nothing : 0",,1341750.0
0,2021-02-05 00:00:00,36936.65,38310.12,36570.0,38290.24,29114.72,60.24,,,,,210500.0,,,,,,,1341750.0
0,2021-02-06 00:00:00,38289.32,40955.51,38215.94,39186.94,29373.16,63.75,,,,,210500.0,,,,,,,1341750.0
0,2021-02-07 00:00:00,39181.01,39700.0,37351.0,38795.69,29649.44,65.91,,,,,210500.0,,,,,,,1341750.0
0,2021-02-08 00:00:00,38795.69,46794.45,37988.89,46374.87,29907.08,64.11,,,,,210500.0,,,,,,,1341750.0
0,2021-02-09 00:00:00,46374.86,48142.19,44961.09,46420.42,30370.96,77.39,,,,,210500.0,,,,,,,1341750.0
0,2021-02-10 00:00:00,46420.42,47310.0,43727.0,44807.58,30823.06,77.45,,,,,210500.0,,,,,,,1341750.0
0,2021-02-11 00:00:00,44807.58,48678.9,43994.02,47969.51,31216.99,70.82,,,,,210500.0,,,,,,,1341750.0
0,2021-02-12 00:00:00,47968.66,48985.8,46125.0,47287.6,31688.87,75.33,,,,,210500.0,,,,,,,1341750.0
0,2021-02-13 00:00:00,47298.15,48150.0,46202.53,47153.69,32128.56,72.73,,,,,210500.0,,,,,,,1341750.0
0,2021-02-14 00:00:00,47156.78,49707.43,47014.17,48577.79,32551.89,72.16,,,,,210500.0,,,,,,,1341750.0
0,2021-02-15 00:00:00,48580.47,49010.92,45570.79,47911.1,33003.4,74.38,,,,,210500.0,,,,,,,1341750.0
0,2021-02-16 00:00:00,47911.1,50689.18,47003.62,49133.45,33423.34,71.46,,,,,210500.0,,,,,,,1341750.0
0,2021-02-17 00:00:00,49133.45,52618.74,48947.0,52119.71,33865.88,73.53,,,,,210500.0,,,,,,,1341750.0
0,2021-02-18 00:00:00,52117.67,52530.0,50901.9,51552.6,34380.01,77.81,,,,,210500.0,,,,,,,1341750.0
0,2021-02-19 00:00:00,51552.61,56368.0,50710.2,55906.0,34863.75,75.3,,,,,210500.0,,,,,,,1341750.0
0,2021-02-20 00:00:00,55906.0,57700.46,53863.93,55841.19,35456.49,80.58,,,,,210500.0,,,,,,,1341750.0
0,2021-02-21 00:00:00,55841.19,58352.8,55477.59,57408.57,36030.7,80.3,,,,,210500.0,,,,,,,1341750.0
0,2021-02-22 00:00:00,57412.35,57508.47,47622.0,54087.67,36633.0,81.95,,,,,210500.0,,,,,,,1341750.0
0,2021-02-23 00:00:00,54087.67,54183.59,44892.56,48891.0,37124.68,68.66,,,,,210500.0,,,,,,,1341750.0
0,2021-02-24 00:00:00,48891.0,51374.99,46988.69,49676.2,37456.13,53.79,,,,,210500.0,,,,,,,1341750.0
0,2021-02-25 00:00:00,49676.21,52041.73,46674.34,47073.73,37800.36,55.38,,,,,210500.0,,,,,,,1341750.0
0,2021-02-26 00:00:00,47073.73,48424.11,44106.78,46276.87,38061.58,49.24,,,,,212000.0,,,,,,,1346750.0
0,2021-02-27 00:00:00,46276.88,48394.0,45000.0,46106.43,38293.0,47.48,,,,,212000.0,,,,,,,1346750.0
0,2021-02-28 00:00:00,46103.67,46638.46,43000.0,45135.66,38513.01,47.09,,,,,212000.0,,,,,,,1346750.0
0,2021-03-01 00:00:00,45134.11,49790.0,44950.53,49587.03,38699.52,44.79,,,,,212000.0,,,,,,,1346750.0
0,2021-03-02 00:00:00,49595.76,50200.0,47047.6,48440.65,39006.46,55.65,,,,,212000.0,,,,,,,1346750.0
0,2021-03-03 00:00:00,48436.61,52640.0,48100.71,50349.37,39272.1,52.71,,,,,212000.0,,,,,,,1346750.0
0,2021-03-04 00:00:00,50349.37,51773.88,47500.0,48374.09,39584.13,56.81,,,,,212000.0,,,,,,,1346750.0
0,2021-03-05 00:00:00,48374.09,49448.93,46300.0,48751.71,39831.74,51.75,,,,,212000.0,,,,,,,1346750.0
0,2021-03-06 00:00:00,48746.81,49200.0,47070.0,48882.2,40082.87,52.62,,,,,212000.0,,,,,,,1346750.0
0,2021-03-07 00:00:00,48882.2,51450.03,48882.2,50971.75,40330.74,52.96,,,,,212000.0,,,,,,,1346750.0
0,2021-03-08 00:00:00,50959.11,52402.78,49274.67,52375.17,40630.13,57.94,,,,,212000.0,,,,,,,1346750.0
0,2021-03-09 00:00:00,52375.18,54895.0,51789.41,54884.5,40960.97,61.02,,,,,212000.0,,,,,,,1346750.0
0,2021-03-10 00:00:00,54874.67,57387.69,53005.0,55851.59,41352.91,65.82,,,,,212000.0,,,,,,,1346750.0
0,2021-03-11 00:00:00,55851.59,58150.0,54272.82,57773.16,41761.32,67.53,,,,,212000.0,,,,,,,1346750.0
0,2021-03-12 00:00:00,57773.15,58081.51,54962.84,57221.72,42212.36,70.68,,,,,212000.0,,,,,,,1346750.0
0,2021-03-13 00:00:00,57221.72,61844.0,56078.23,61188.39,42635.16,68.6,,,,,212000.0,,,,,,,1346750.0
0,2021-03-14 00:00:00,61188.38,61724.79,58966.78,58968.31,43157.78,74.49,,,,,212000.0,,,,,,,1346750.0
0,2021-03-15 00:00:00,58976.08,60633.43,54600.0,55605.2,43603.37,66.86,,,,,212000.0,,,,,,,1346750.0
0,2021-03-16 00:00:00,55605.2,56938.29,53271.34,56900.75,43941.45,57.13,,,,,212000.0,,,,,,,1346750.0
0,2021-03-17 00:00:00,56900.74,58974.73,54123.69,58912.97,44306.5,59.59,,,,,212000.0,,,,,,,1346750.0
0,2021-03-18 00:00:00,58912.97,60129.97,57023.0,57648.16,44717.95,63.18,,,,,212000.0,,,,,,,1346750.0
0,2021-03-19 00:00:00,57641.0,59468.0,56270.74,58030.01,45081.98,59.54,,,,,212000.0,,,,,,,1346750.0
0,2021-03-20 00:00:00,58030.01,59880.0,57820.17,58102.28,45446.71,60.3,,,,,212000.0,,,,,,,1346750.0
0,2021-03-21 00:00:00,58100.02,58589.1,55450.11,57351.56,45803.14,60.45,,,,,212000.0,,,,,,,1346750.0
0,2021-03-22 00:00:00,57351.56,58430.73,53650.0,54083.25,46128.45,57.95,,,,,212000.0,,,,,,,1346750.0
0,2021-03-23 00:00:00,54083.25,55830.9,53000.0,54340.89,46352.53,48.42,,,,,212000.0,,,,,,,1346750.0
0,2021-03-24 00:00:00,54342.8,57200.0,51700.0,52303.65,46577.61,49.15,,,,,212000.0,,,,,,,1346750.0
0,2021-03-25 00:00:00,52303.66,53287.0,50427.56,51293.78,46738.91,43.87,,,,,212000.0,,,,,,,1346750.0
0,2021-03-26 00:00:00,51293.78,55073.46,51214.6,55025.59,46867.21,41.46,,,,,212000.0,,,,,,,1346750.0
0,2021-03-27 00:00:00,55025.59,56700.36,53950.0,55817.14,47097.03,52.06,,,,,212000.0,,,,,,,1346750.0
0,2021-03-28 00:00:00,55817.14,56559.75,54691.84,55777.63,47342.66,53.99,,,,,213500.0,,,,,,,1351750.0
0,2021-03-29 00:00:00,55777.65,58405.82,54800.01,57635.47,47580.27,53.87,,,,,213500.0,,,,,,,1351750.0
0,2021-03-30 00:00:00,57635.46,59368.0,57071.35,58746.57,47863.51,58.52,,,,,213500.0,,,,,,,1351750.0
0,2021-03-31 00:00:00,58746.57,59800.0,56769.0,58740.55,48170.08,61.08,,,,,213500.0,,,,,,,1351750.0
0,2021-04-01 00:00:00,58739.46,59490.0,57935.45,58720.44,48467.81,61.05,,,,,213500.0,,,,,,,1351750.0
0,2021-04-02 00:00:00,58720.45,60200.0,58428.57,58950.01,48756.61,60.98,,2021-04-02 00:00:00,多頭進場,58720.45,213500.0,90.897,59894.859,56371.63,,"Long Win : 1
Long Lose : 0
Uncertain : 0
Nothing : 0",,1458500.0
0,2021-04-03 00:00:00,58950.01,59791.72,56880.0,57051.94,49043.75,61.61,,,,,213500.0,,,,,,,1458500.0
0,2021-04-04 00:00:00,57051.95,58492.85,56388.0,58202.01,49269.33,53.73,,,,,213500.0,,,,,,,1458500.0
0,2021-04-05 00:00:00,58202.01,59272.0,56777.77,59129.99,49520.96,57.34,,,,,213500.0,,,,,,,1458500.0
0,2021-04-06 00:00:00,59129.99,59495.24,57413.02,57991.15,49791.64,60.08,,2021-04-06 00:00:00,多頭進場,59129.99,213500.0,90.267,60312.5898,56764.79,,"Long Win : 0
Long Lose : 0
Uncertain : 0
Nothing : 1",,1245000.0
0,2021-04-07 00:00:00,57990.03,58655.0,55473.0,55953.45,50022.58,55.32,,,,,427000.0,,,,,"Long Win : 0
Long Lose : 1
Uncertain : 0
Nothing : 0",,1245000.0
0,2021-04-08 00:00:00,55953.44,58153.31,55700.0,58077.52,50189.64,47.92,,,,,427000.0,,,,,,,1245000.0
0,2021-04-09 00:00:00,58077.52,58894.9,57654.0,58142.54,50411.84,54.8,,,,,427000.0,,,,,,,1245000.0
0,2021-04-10 00:00:00,58142.55,61500.0,57900.01,59769.13,50629.6,55.0,,,,,427000.0,,,,,,,1245000.0
0,2021-04-11 00:00:00,59769.13,60699.0,59232.52,60002.43,50887.06,59.81,,,,,427000.0,,,,,,,1245000.0
0,2021-04-12 00:00:00,59998.8,61300.0,59350.59,59860.0,51143.72,60.46,,2021-04-12 00:00:00,多頭進場,59998.8,213500.0,177.92,61198.776000000005,57598.85,,"Long Win : 1
Long Lose : 0
Uncertain : 0
Nothing : 0",,1458500.0000000002
0,2021-04-13 00:00:00,59860.01,63777.77,59805.15,63575.0,51389.25,59.83,,,,,213500.0,,,,,,,1458500.0000000002
0,2021-04-14 00:00:00,63575.01,64854.0,61301.0,62959.53,51732.51,69.31,,,,,213500.0,,,,,,,1458500.0000000002
0,2021-04-15 00:00:00,62959.53,63800.0,62020.0,63159.98,52048.77,66.47,,,,,213500.0,,,,,,,1458500.0000000002
0,2021-04-16 00:00:00,63158.74,63520.61,60000.0,61334.8,52361.72,66.95,,,,,213500.0,,,,,,,1458500.0000000002
0,2021-04-17 00:00:00,61334.81,62506.05,59580.91,60006.66,52614.49,58.61,,,,,213500.0,,,,,,,1458500.0000000002
0,2021-04-18 00:00:00,60006.67,60499.0,50931.3,56150.01,52822.72,53.34,,,,,213500.0,,,,,,,1458500.0000000002
0,2021-04-19 00:00:00,56150.01,57526.81,54221.58,55633.14,52916.44,41.51,,,,,213500.0,,,,,,,1458500.0000000002
0,2021-04-20 00:00:00,55633.14,57076.24,53329.96,56425.0,52992.97,40.2,,,,,213500.0,,,,,,,1458500.0000000002
0,2021-04-21 00:00:00,56425.0,56757.91,53536.02,53787.63,53089.65,43.18,,,,,213500.0,,,,,,,1458500.0000000002
0,2021-04-22 00:00:00,53787.62,55521.48,50500.0,51690.96,53109.31,36.56,,,,,213500.0,,,,,,,1458500.0000000002
0,2021-04-23 00:00:00,51690.95,52131.85,47500.0,51125.14,53069.36,32.26,,,,,213500.0,,,,,,,1458500.0000000002
0,2021-04-24 00:00:00,51110.56,51166.22,48657.14,50047.84,53014.18,31.16,,,,,213500.0,,,,,,,1458500.0000000002
0,2021-04-25 00:00:00,50047.84,50567.91,46930.0,49066.77,52930.62,29.16,,,,,213500.0,,,,,,,1458500.0000000002
0,2021-04-26 00:00:00,49066.76,54356.62,48753.44,54001.39,52821.78,27.4,,,,,213500.0,,,,,,,1458500.0000000002
0,2021-04-27 00:00:00,54001.38,55460.0,53222.0,55011.97,52855.01,45.51,,,,,215000.0,,,,,,,1463500.0000000002
0,2021-04-28 00:00:00,55011.97,56428.0,53813.16,54846.22,52915.77,48.39,,,,,215000.0,,,,,,,1463500.0000000002
0,2021-04-29 00:00:00,54846.23,55195.84,52330.94,53555.0,52970.15,47.93,,,,,215000.0,,,,,,,1463500.0000000002
0,2021-04-30 00:00:00,53555.0,57963.0,53013.01,57694.27,52986.62,44.4,,,,,215000.0,,,,,,,1463500.0000000002
0,2021-05-01 00:00:00,57697.25,58458.07,56956.14,57800.37,53119.31,55.8,,2021-05-01 00:00:00,多頭進場,57697.25,215000.0,93.159,58851.195,55389.36,,"Long Win : 0
Long Lose : 0
Uncertain : 0
Nothing : 1",,1248500.0000000002
0,2021-05-02 00:00:00,57797.35,57911.02,56035.25,56578.21,53251.09,56.04,,,,,215000.0,,,,,"Long Win : 0
Long Lose : 0
Uncertain : 0
Nothing : 1",,1248500.0000000002
0,2021-05-03 00:00:00,56578.21,58981.44,56435.0,57169.39,53344.81,52.3,,,,,215000.0,,,,,"Long Win : 1
Long Lose : 0
Uncertain : 0
Nothing : 0",,1571000.0000000005
0,2021-05-04 00:00:00,57169.39,57200.0,53046.69,53200.01,53452.55,53.93,,,,,215000.0,,,,,,,1571000.0000000005
0,2021-05-05 00:00:00,53205.05,58069.82,52900.0,57436.11,53445.57,43.17,,,,,215000.0,,,,,,,1571000.0000000005
0,2021-05-06 00:00:00,57436.11,58360.0,55200.0,56393.68,53557.98,53.88,,,,,215000.0,,,,,,,1571000.0000000005
0,2021-05-07 00:00:00,56393.68,58650.0,55241.63,57314.75,53637.86,51.28,,,,,215000.0,,,,,,,1571000.0000000005
0,2021-05-08 00:00:00,57315.49,59500.0,56900.0,58862.05,53741.46,53.45,,,,,215000.0,,,,,,,1571000.0000000005
0,2021-05-09 00:00:00,58866.53,59300.0,56235.66,58240.84,53885.83,56.96,,,,,215000.0,,,,,,,1571000.0000000005
0,2021-05-10 00:00:00,58240.83,59500.0,53400.0,55816.14,54008.5,55.13,,,,,215000.0,,,,,,,1571000.0000000005
0,2021-05-11 00:00:00,55816.14,56862.43,54370.0,56670.02,54059.42,48.54,,,,,215000.0,,,,,,,1571000.0000000005
0,2021-05-12 00:00:00,56670.02,58000.01,48600.0,49631.32,54132.96,50.8,,,,,215000.0,,,,,,,1571000.0000000005
0,2021-05-13 00:00:00,49537.15,51367.19,46000.0,49670.97,54003.5,36.28,,,,,215000.0,,,,,,,1571000.0000000005
0,2021-05-14 00:00:00,49671.92,51483.0,48799.75,49841.45,53881.48,36.65,,,,,215000.0,,,,,,,1571000.0000000005
0,2021-05-15 00:00:00,49844.16,50700.0,46555.0,46762.99,53767.76,37.16,,,,,215000.0,,,,,,,1571000.0000000005
0,2021-05-16 00:00:00,46762.99,49795.89,43825.39,46431.5,53570.44,32.09,,,,,215000.0,,,,,,,1571000.0000000005
0,2021-05-17 00:00:00,46426.83,46686.0,42001.0,43538.04,53369.21,31.58,,,,,215000.0,,,,,,,1571000.0000000005
0,2021-05-18 00:00:00,43538.02,45799.29,42250.02,42849.78,53092.28,27.46,,,,,215000.0,,,,,,,1571000.0000000005
0,2021-05-19 00:00:00,42849.78,43584.9,30000.0,36690.09,52803.75,26.56,,,,,215000.0,,,,,,,1571000.0000000005
0,2021-05-20 00:00:00,36671.23,42451.67,34850.0,40526.64,52349.32,20.11,,,,,215000.0,,,,,,,1571000.0000000005
0,2021-05-21 00:00:00,40525.39,42200.0,33488.0,37252.01,52016.25,31.44,,,,,215000.0,,,,,,,1571000.0000000005
0,2021-05-22 00:00:00,37263.35,38829.0,35200.62,37449.73,51600.67,27.8,,,,,215000.0,,,,,,,1571000.0000000005
0,2021-05-23 00:00:00,37458.51,38270.64,31111.01,34655.25,51202.3,28.34,,,,,215000.0,,,,,,,1571000.0000000005
0,2021-05-24 00:00:00,34681.44,39920.0,34031.0,38796.29,50736.93,25.39,,,,,215000.0,,,,,,,1571000.0000000005
0,2021-05-25 00:00:00,38810.99,39791.77,36419.62,38324.72,50400.99,36.19,,,,,215000.0,,,,,,,1571000.0000000005
0,2021-05-26 00:00:00,38324.72,40841.0,37800.44,39241.91,50060.81,35.52,,,,,215000.0,,,,,,,1571000.0000000005
0,2021-05-27 00:00:00,39241.92,40411.14,37134.27,38529.98,49756.05,37.86,,,,,216500.0,,,,,,,1576000.0000000005
0,2021-05-28 00:00:00,38529.99,38877.83,34684.0,35663.49,49439.82,36.73,,,,,216500.0,,,,,,,1576000.0000000005
0,2021-05-29 00:00:00,35661.79,37338.58,33632.76,34605.15,49051.71,32.49,,,,,216500.0,,,,,,,1576000.0000000005
0,2021-05-30 00:00:00,34605.15,36488.0,33379.0,35641.27,48644.77,31.04,,,,,216500.0,,,,,,,1576000.0000000005
0,2021-05-31 00:00:00,35641.26,37499.0,34153.84,37253.81,48278.47,34.17,,,,,216500.0,,,,,,,1576000.0000000005
0,2021-06-01 00:00:00,37253.82,37894.81,35666.0,36693.09,47967.92,38.88,,,,,216500.0,,,,,,,1576000.0000000005
0,2021-06-02 00:00:00,36694.85,38225.0,35920.0,37568.68,47650.36,37.85,,,,,216500.0,,,,,,,1576000.0000000005
0,2021-06-03 00:00:00,37568.68,39476.0,37170.0,39246.79,47366.37,40.52,,,,,216500.0,,,,,,,1576000.0000000005
0,2021-06-04 00:00:00,39246.78,39289.07,35555.15,36829.0,47137.65,45.43,,,,,216500.0,,,,,,,1576000.0000000005
0,2021-06-05 00:00:00,36829.15,37925.0,34800.0,35513.2,46847.27,40.21,,,,,216500.0,,,,,,,1576000.0000000005
0,2021-06-06 00:00:00,35516.07,36480.0,35222.0,35796.31,46528.08,37.65,,,,,216500.0,,,,,,,1576000.0000000005
0,2021-06-07 00:00:00,35796.31,36900.0,33300.0,33552.79,46225.78,38.56,,,,,216500.0,,,,,,,1576000.0000000005
0,2021-06-08 00:00:00,33556.96,34068.01,31000.0,33380.81,45868.91,34.21,,,,,216500.0,,,,,,,1576000.0000000005
0,2021-06-09 00:00:00,33380.8,37534.79,32396.82,37388.05,45517.13,33.88,,,,,216500.0,,,,,,,1576000.0000000005
0,2021-06-10 00:00:00,37388.05,38491.0,35782.0,36675.72,45288.15,46.6,,,,,216500.0,,,,,,,1576000.0000000005
0,2021-06-11 00:00:00,36677.83,37680.4,35936.77,37331.98,45045.6,44.93,,,,,216500.0,,,,,,,1576000.0000000005
0,2021-06-12 00:00:00,37331.98,37463.63,34600.36,35546.11,44828.32,46.85,,,,,216500.0,,,,,,,1576000.0000000005
0,2021-06-13 00:00:00,35546.12,39380.0,34757.0,39020.57,44566.85,42.45,,,,,216500.0,,,,,,,1576000.0000000005
0,2021-06-14 00:00:00,39020.56,41064.05,38730.0,40516.29,44410.61,52.01,,,,,216500.0,,,,,,,1576000.0000000005
0,2021-06-15 00:00:00,40516.28,41330.0,39506.4,40144.04,44300.91,55.49,,,,,216500.0,,,,,,,1576000.0000000005
0,2021-06-16 00:00:00,40143.8,40527.14,38116.01,38349.01,44183.81,54.42,,,,,216500.0,,,,,,,1576000.0000000005
0,2021-06-17 00:00:00,38349.0,39559.88,37365.0,38092.97,44019.45,49.41,,,,,216500.0,,,,,,,1576000.0000000005
0,2021-06-18 00:00:00,38092.97,38202.84,35129.29,35819.84,43852.51,48.71,,,,,216500.0,,,,,,,1576000.0000000005
0,2021-06-19 00:00:00,35820.48,36457.0,34803.52,35483.72,43626.25,42.85,,,,,216500.0,,,,,,,1576000.0000000005
0,2021-06-20 00:00:00,35483.72,36137.72,33336.0,35600.16,43396.89,42.03,,,,,216500.0,,,,,,,1576000.0000000005
0,2021-06-21 00:00:00,35600.17,35750.0,31251.23,31608.93,43177.26,42.45,,,,,216500.0,,,,,,,1576000.0000000005
0,2021-06-22 00:00:00,31614.12,33298.78,28805.0,32509.56,42851.54,33.51,,2021-06-22 00:00:00,空頭進場,31614.12,433000.0,171.205,30981.8376,32878.68,,,"Short Win : 0
Short Lose : 0
Uncertain : 1
Nothing : 0",1359500.0000000005
0,2021-06-23 00:00:00,32509.56,34881.0,31683.0,33678.07,42560.21,36.77,,,,,433000.0,,,,,,,1359500.0000000005
0,2021-06-24 00:00:00,33675.07,35298.0,32286.57,34663.09,42309.93,40.89,,,,,433000.0,,,,,,,1359500.0000000005
0,2021-06-25 00:00:00,34663.08,35500.0,31275.0,31584.45,42094.52,44.25,,,,,433000.0,,,,,,,1359500.0000000005
0,2021-06-26 00:00:00,31576.09,32730.0,30151.0,32283.65,41798.23,37.07,,,,,434500.0,,,,,,,1364500.0000000005
0,2021-06-27 00:00:00,32283.65,34749.0,31973.45,34700.34,41530.21,39.52,,,,,434500.0,,,,,,,1364500.0000000005
0,2021-06-28 00:00:00,34702.49,35297.71,33862.72,34494.89,41337.88,47.2,,,,,434500.0,,,,,,,1364500.0000000005
0,2021-06-29 00:00:00,34494.89,36600.0,34225.43,35911.73,41145.12,46.65,,,,,434500.0,,,,,,,1364500.0000000005
0,2021-06-30 00:00:00,35911.72,36100.0,34017.55,35045.0,40997.7,50.94,,,,,434500.0,,,,,,,1364500.0000000005
0,2021-07-01 00:00:00,35045.0,35057.57,32711.0,33504.69,40830.02,48.34,,,,,434500.0,,,,,,,1364500.0000000005
0,2021-07-02 00:00:00,33502.33,33977.04,32699.0,33786.55,40623.61,43.99,,,,,434500.0,,,,,,,1364500.0000000005
0,2021-07-03 00:00:00,33786.54,34945.61,33316.73,34669.13,40431.01,44.99,,,,,434500.0,,,,,,,1364500.0000000005
0,2021-07-04 00:00:00,34669.12,35967.85,34357.15,35286.51,40268.71,48.11,,,,,434500.0,,,,,,,1364500.0000000005
0,2021-07-05 00:00:00,35288.13,35293.78,33125.55,33690.14,40128.41,50.27,,,,,434500.0,,,,,,,1364500.0000000005
0,2021-07-06 00:00:00,33690.15,35118.88,33532.0,34220.01,39947.05,44.99,,,,,434500.0,,,,,,,1364500.0000000005
0,2021-07-07 00:00:00,34220.02,35059.09,33777.77,33862.12,39785.73,47.01,,,,,434500.0,,,,,,,1364500.0000000005
0,2021-07-08 00:00:00,33862.11,33929.64,32077.0,32875.71,39618.86,45.77,,,,,434500.0,,,,,,,1364500.0000000005
0,2021-07-09 00:00:00,32875.71,34100.0,32261.07,33815.81,39428.92,42.43,,,,,434500.0,,,,,,,1364500.0000000005
0,2021-07-10 00:00:00,33815.81,34262.0,33004.78,33502.87,39270.8,46.49,,,,,434500.0,,,,,,,1364500.0000000005
0,2021-07-11 00:00:00,33502.87,34666.0,33306.47,34258.99,39108.32,45.33,,,,,434500.0,,,,,,,1364500.0000000005
0,2021-07-12 00:00:00,34259.0,34678.43,32658.34,33086.63,38971.72,48.71,,,,,434500.0,,,,,,,1364500.0000000005
0,2021-07-13 00:00:00,33086.94,33340.0,32202.25,32729.77,38805.95,44.1,,,,,434500.0,,,,,,,1364500.0000000005
0,2021-07-14 00:00:00,32729.12,33114.03,31550.0,32820.02,38634.78,42.75,,,,,434500.0,,,,,,,1364500.0000000005
0,2021-07-15 00:00:00,32820.03,33185.25,31133.0,31880.0,38470.98,43.23,,,,,434500.0,,,,,,,1364500.0000000005
0,2021-07-16 00:00:00,31874.49,32249.18,31020.0,31383.87,38285.16,39.47,,2021-07-16 00:00:00,空頭進場,31874.49,218000.0,340.79,31237.000200000002,33149.47,,,"Short Win : 1
Short Lose : 0
Uncertain : 0
Nothing : 0",1581750.0000000007
0,2021-07-17 00:00:00,31383.86,31955.92,31164.31,31520.07,38090.76,37.62,,,,,218000.0,,,,,,,1581750.0000000007
0,2021-07-18 00:00:00,31520.07,32435.0,31108.97,31778.56,37905.67,38.49,,,,,218000.0,,,,,,,1581750.0000000007
0,2021-07-19 00:00:00,31778.57,31899.0,30407.44,30839.65,37733.08,40.23,,,,,218000.0,,,,,,,1581750.0000000007
0,2021-07-20 00:00:00,30839.65,31063.07,29278.0,29790.35,37538.89,36.18,,,,,218000.0,,,,,,,1581750.0000000007
0,2021-07-21 00:00:00,29790.34,32858.0,29482.61,32144.51,37320.63,32.23,,,,,218000.0,,,,,,,1581750.0000000007
0,2021-07-22 00:00:00,32144.51,32591.35,31708.0,32287.83,37174.82,46.52,,,,,218000.0,,,,,,,1581750.0000000007
0,2021-07-23 00:00:00,32287.58,33650.0,31924.32,33634.09,37037.15,47.26,,,,,218000.0,,,,,,,1581750.0000000007
0,2021-07-24 00:00:00,33634.1,34500.0,33401.14,34258.14,36941.29,53.8,,,,,218000.0,,,,,,,1581750.0000000007
0,2021-07-25 00:00:00,34261.51,35398.0,33851.12,35381.02,36865.8,56.54,,,,,218000.0,,,,,,,1581750.0000000007
0,2021-07-26 00:00:00,35381.02,40550.0,35205.78,37237.6,36823.98,61.04,,,,,219500.0,,,,,,,1586750.0000000007
0,2021-07-27 00:00:00,37241.33,39542.61,36383.0,39457.87,36835.73,67.19,,,,,219500.0,,,,,,,1586750.0000000007
0,2021-07-28 00:00:00,39456.61,40900.0,38772.0,40019.56,36909.56,72.78,,,,,219500.0,,,,,,,1586750.0000000007
0,2021-07-29 00:00:00,40019.57,40640.0,39200.0,40016.48,36997.17,74.01,,,,,219500.0,,,,,,,1586750.0000000007
0,2021-07-30 00:00:00,40018.49,42316.71,38313.23,42206.37,37082.28,74.0,,,,,219500.0,,,,,,,1586750.0000000007
0,2021-07-31 00:00:00,42206.36,42448.0,41000.15,41461.83,37226.62,78.48,,,,,219500.0,,,,,,,1586750.0000000007
0,2021-08-01 00:00:00,41461.84,42599.0,39422.01,39845.44,37345.92,73.76,,,,,219500.0,,,,,,,1586750.0000000007
0,2021-08-02 00:00:00,39850.27,40480.01,38690.0,39147.82,37416.46,64.58,,,,,219500.0,,,,,,,1586750.0000000007
0,2021-08-03 00:00:00,39146.86,39780.0,37642.03,38207.05,37465.21,60.97,,,,,219500.0,,,,,,,1586750.0000000007
0,2021-08-04 00:00:00,38207.04,39969.66,37508.56,39723.18,37486.1,56.37,,,,,219500.0,,,,,,,1586750.0000000007
0,2021-08-05 00:00:00,39723.17,41350.0,37332.7,40862.46,37549.12,61.48,,,,,219500.0,,,,,,,1586750.0000000007
0,2021-08-06 00:00:00,40862.46,43392.43,39853.86,42836.87,37642.45,64.86,,,,,219500.0,,,,,,,1586750.0000000007
0,2021-08-07 00:00:00,42836.87,44700.0,42446.41,44572.54,37788.77,69.85,,,,,219500.0,,,,,,,1586750.0000000007
0,2021-08-08 00:00:00,44572.54,45310.0,43261.0,43794.37,37979.87,73.47,,,,,219500.0,,,,,,,1586750.0000000007
0,2021-08-09 00:00:00,43794.36,46454.15,42779.0,46253.4,38143.66,69.4,,,,,219500.0,,,,,,,1586750.0000000007
0,2021-08-10 00:00:00,46248.87,46700.0,44589.46,45584.99,38371.97,74.3,,,,,219500.0,,,,,,,1586750.0000000007
0,2021-08-11 00:00:00,45585.0,46743.47,45341.14,45511.0,38575.16,70.94,,,,,219500.0,,,,,,,1586750.0000000007
0,2021-08-12 00:00:00,45510.67,46218.12,43770.0,44399.0,38770.52,70.56,,,,,219500.0,,,,,,,1586750.0000000007
0,2021-08-13 00:00:00,44400.06,47886.0,44217.39,47800.0,38929.1,64.77,,,,,219500.0,,,,,,,1586750.0000000007
0,2021-08-14 00:00:00,47799.99,48144.0,45971.03,47068.51,39178.98,72.34,,,,,219500.0,,,,,,,1586750.0000000007
0,2021-08-15 00:00:00,47068.5,47372.27,45500.0,46973.82,39401.22,68.87,,,,,219500.0,,,,,,,1586750.0000000007
0,2021-08-16 00:00:00,46973.82,48053.83,45660.0,45901.29,39614.54,68.41,,,,,219500.0,,,,,,,1586750.0000000007
0,2021-08-17 00:00:00,45901.3,47160.0,44376.0,44695.95,39791.63,63.15,,,,,219500.0,,,,,,,1586750.0000000007
0,2021-08-18 00:00:00,44695.95,46000.0,44203.28,44705.29,39929.78,57.71,,,,,219500.0,,,,,,,1586750.0000000007
0,2021-08-19 00:00:00,44699.37,47033.0,43927.7,46760.62,40064.13,57.72,,,,,219500.0,,,,,,,1586750.0000000007
0,2021-08-20 00:00:00,46760.62,49382.99,46622.99,49322.47,40252.77,64.02,,,,,219500.0,,,,,,,1586750.0000000007
0,2021-08-21 00:00:00,49322.47,49757.04,48222.0,48821.87,40508.25,70.07,,,,,219500.0,,,,,,,1586750.0000000007
0,2021-08-22 00:00:00,48821.88,49500.0,48050.0,49239.22,40742.44,67.65,,,,,219500.0,,,,,,,1586750.0000000007
0,2021-08-23 00:00:00,49239.22,50500.0,49029.0,49488.85,40981.78,68.64,,,,,219500.0,,,,,,,1586750.0000000007
0,2021-08-24 00:00:00,49488.85,49860.0,47600.0,47674.01,41221.42,69.25,,,,,219500.0,,,,,,,1586750.0000000007
0,2021-08-25 00:00:00,47674.01,49264.3,47126.28,48973.32,41403.18,59.96,,,,,221000.0,,,,,,,1591750.0000000007
0,2021-08-26 00:00:00,48973.32,49352.84,46250.0,46843.87,41616.43,63.76,,,,,221000.0,,,,,,,1591750.0000000007
0,2021-08-27 00:00:00,46843.86,49149.93,46348.0,49069.9,41763.68,54.52,,,,,221000.0,,,,,,,1591750.0000000007
0,2021-08-28 00:00:00,49069.9,49299.0,48346.88,48895.35,41969.49,60.97,,,,,221000.0,,,,,,,1591750.0000000007
0,2021-08-29 00:00:00,48895.35,49632.27,47762.54,48767.83,42164.58,60.24,,,,,221000.0,,,,,,,1591750.0000000007
0,2021-08-30 00:00:00,48767.84,48888.61,46853.0,46982.91,42350.59,59.67,,,,,221000.0,,,,,,,1591750.0000000007
0,2021-08-31 00:00:00,46982.91,48246.11,46700.0,47100.89,42481.08,52.14,,,,,221000.0,,,,,,,1591750.0000000007
0,2021-09-01 00:00:00,47100.89,49156.0,46512.0,48810.52,42611.21,52.57,,,,,221000.0,,,,,,,1591750.0000000007
0,2021-09-02 00:00:00,48810.51,50450.13,48584.06,49246.64,42785.84,58.49,,,,,221000.0,,,,,,,1591750.0000000007
0,2021-09-03 00:00:00,49246.63,51000.0,48316.84,49999.14,42967.83,59.88,,,,,221000.0,,,,,,,1591750.0000000007
0,2021-09-04 00:00:00,49998.0,50535.69,49370.0,49915.64,43165.87,62.26,,,,,221000.0,,,,,,,1591750.0000000007
0,2021-09-05 00:00:00,49917.54,51900.0,49450.0,51756.88,43356.06,61.83,,,,,221000.0,,,,,,,1591750.0000000007
0,2021-09-06 00:00:00,51756.88,52780.0,50969.33,52663.9,43592.7,67.43,,,,,221000.0,,,,,,,1591750.0000000007
0,2021-09-07 00:00:00,52666.2,52920.0,42843.05,46863.73,43848.29,69.81,,,,,221000.0,,,,,,,1591750.0000000007
0,2021-09-08 00:00:00,46868.57,47340.99,44412.02,46048.31,43933.37,46.25,,,,,221000.0,,,,,,,1591750.0000000007
0,2021-09-09 00:00:00,46048.31,47399.97,45513.08,46395.14,43992.94,43.96,,,,,221000.0,,,,,,,1591750.0000000007
0,2021-09-10 00:00:00,46395.14,47033.0,44132.29,44850.91,44060.61,45.21,,,,,221000.0,,,,,,,1591750.0000000007
0,2021-09-11 00:00:00,44842.2,45987.93,44722.22,45173.69,44082.63,40.77,,,,,221000.0,,,,,,,1591750.0000000007
0,2021-09-12 00:00:00,45173.68,46460.0,44742.06,46025.24,44113.36,42.09,,,,,221000.0,,,,,,,1591750.0000000007
0,2021-09-13 00:00:00,46025.23,46880.0,43370.0,44940.73,44167.22,45.51,,,,,221000.0,,,,,,,1591750.0000000007
0,2021-09-14 00:00:00,44940.72,47250.0,44594.44,47111.52,44189.01,42.06,,,,,221000.0,,,,,,,1591750.0000000007
0,2021-09-15 00:00:00,47103.28,48500.0,46682.32,48121.41,44271.1,50.26,,,,,221000.0,,,,,,,1591750.0000000007
0,2021-09-16 00:00:00,48121.4,48557.0,47021.1,47737.82,44379.56,53.63,,,,,221000.0,,,,,,,1591750.0000000007
0,2021-09-17 00:00:00,47737.81,48150.0,46699.56,47299.98,44474.16,52.18,,,,,221000.0,,,,,,,1591750.0000000007
0,2021-09-18 00:00:00,47299.98,48843.2,47035.56,48292.74,44553.76,50.48,,,,,221000.0,,,,,,,1591750.0000000007
0,2021-09-19 00:00:00,48292.75,48372.83,46829.18,47241.75,44659.08,54.18,,,,,221000.0,,,,,,,1591750.0000000007
0,2021-09-20 00:00:00,47241.75,47347.25,42500.0,43015.62,44731.83,49.87,,,,,221000.0,,,,,,,1591750.0000000007
0,2021-09-21 00:00:00,43016.64,43639.0,39600.0,40734.38,44683.52,36.99,,,,,221000.0,,,,,,,1591750.0000000007
0,2021-09-22 00:00:00,40734.09,44000.55,40565.39,43543.61,44572.27,32.1,,,,,221000.0,,,,,,,1591750.0000000007
0,2021-09-23 00:00:00,43546.37,44978.0,43069.09,44865.26,44543.37,42.34,,,,,221000.0,,,,,,,1591750.0000000007
0,2021-09-24 00:00:00,44865.26,45200.0,40675.0,42810.57,44552.43,46.47,,,,,222500.0,,,,,,,1596750.0000000007
0,2021-09-25 00:00:00,42810.58,42966.84,41646.28,42670.64,44503.37,41.43,,,,,222500.0,,,,,,,1596750.0000000007
0,2021-09-26 00:00:00,42670.63,43950.0,40750.0,43160.9,44451.74,41.1,,,,,222500.0,,,,,,,1596750.0000000007
0,2021-09-27 00:00:00,43160.9,44350.0,42098.0,42147.35,44415.38,42.84,,,,,222500.0,,,,,,,1596750.0000000007
0,2021-09-28 00:00:00,42147.35,42787.38,40888.0,41026.54,44351.49,40.16,,,,,222500.0,,,,,,,1596750.0000000007
0,2021-09-29 00:00:00,41025.01,42590.0,40753.88,41524.28,44257.79,37.33,,,,,222500.0,,,,,,,1596750.0000000007
0,2021-09-30 00:00:00,41524.29,44141.37,41410.17,43824.1,44180.79,39.4,,,,,222500.0,,,,,,,1596750.0000000007
0,2021-10-01 00:00:00,43820.01,48495.0,43283.03,48141.61,44170.63,48.02,,,,,222500.0,,,,,,,1596750.0000000007
0,2021-10-02 00:00:00,48141.6,48336.59,47430.18,47634.9,44282.48,59.76,,2021-10-02 00:00:00,多頭進場,48141.6,222500.0,115.545,49104.432,46215.94,,"Long Win : 0
Long Lose : 0
Uncertain : 0
Nothing : 1",,1374250.0000000007
0,2021-10-03 00:00:00,47634.89,49228.08,47088.0,48200.01,44376.92,58.09,,,,,222500.0,,,,,"Long Win : 1
Long Lose : 0
Uncertain : 0
Nothing : 0",,1708000.000000001
0,2021-10-04 00:00:00,48200.01,49536.12,46891.0,49224.94,44484.61,59.47,,,,,222500.0,,,,,,,1708000.000000001
0,2021-10-05 00:00:00,49224.93,51886.3,49022.4,51471.99,44618.14,61.96,,,,,222500.0,,,,,,,1708000.000000001
0,2021-10-06 00:00:00,51471.99,55750.0,50382.41,55315.0,44811.21,66.83,,,,,222500.0,,,,,,,1708000.000000001
0,2021-10-07 00:00:00,55315.0,55332.31,53357.0,53785.22,45107.09,73.22,,,,,222500.0,,,,,,,1708000.000000001
0,2021-10-08 00:00:00,53785.22,56100.0,53617.61,53951.43,45351.54,67.57,,,,,222500.0,,,,,,,1708000.000000001
0,2021-10-09 00:00:00,53955.67,55489.0,53661.67,54949.72,45593.91,67.87,,,,,222500.0,,,,,,,1708000.000000001
0,2021-10-10 00:00:00,54949.72,56561.31,54080.0,54659.0,45857.46,69.66,,,,,222500.0,,,,,,,1708000.000000001
0,2021-10-11 00:00:00,54659.01,57839.04,54415.06,57471.35,46105.39,68.44,,,,,222500.0,,,,,,,1708000.000000001
0,2021-10-12 00:00:00,57471.35,57680.0,53879.0,55996.93,46425.56,73.37,,,,,222500.0,,,,,,,1708000.000000001
0,2021-10-13 00:00:00,55996.91,57777.0,54167.19,57367.0,46695.17,67.36,,,,,222500.0,,,,,,,1708000.000000001
0,2021-10-14 00:00:00,57370.83,58532.54,56818.05,57347.94,46995.89,69.87,,,,,222500.0,,,,,,,1708000.000000001
0,2021-10-15 00:00:00,57347.94,62933.0,56850.0,61672.42,47287.5,69.77,,,,,222500.0,,,,,,,1708000.000000001
0,2021-10-16 00:00:00,61672.42,62378.42,60150.0,60875.57,47692.71,76.52,,,,,222500.0,,,,,,,1708000.000000001
0,2021-10-17 00:00:00,60875.57,61718.39,58963.0,61528.33,48064.06,73.23,,,,,222500.0,,,,,,,1708000.000000001
0,2021-10-18 00:00:00,61528.32,62695.78,59844.45,62009.84,48443.33,74.22,,,,,222500.0,,,,,,,1708000.000000001
0,2021-10-19 00:00:00,62005.6,64486.0,61322.22,64280.59,48825.37,74.96,,,,,222500.0,,,,,,,1708000.000000001
0,2021-10-20 00:00:00,64280.59,67000.0,63481.4,66001.41,49260.73,78.21,,,,,222500.0,,,,,,,1708000.000000001
0,2021-10-21 00:00:00,66001.4,66639.74,62000.0,62193.15,49732.3,80.31,,,,,222500.0,,,,,,,1708000.000000001
0,2021-10-22 00:00:00,62193.15,63732.39,60000.0,60688.22,50083.31,65.12,,,,,222500.0,,,,,,,1708000.000000001
0,2021-10-23 00:00:00,60688.23,61747.64,59562.15,61286.75,50382.04,60.21,,,,,222500.0,,,,,,,1708000.000000001
0,2021-10-24 00:00:00,61286.75,61500.0,59510.63,60852.22,50689.21,61.47,,,,,224000.0,,,,,,,1713000.000000001
0,2021-10-25 00:00:00,60852.22,63710.63,60650.0,63078.78,50975.49,59.97,,,,,224000.0,,,,,,,1713000.000000001
0,2021-10-26 00:00:00,63078.78,63293.48,59817.55,60328.81,51316.43,64.78,,,,,224000.0,,,,,,,1713000.000000001
0,2021-10-27 00:00:00,60328.81,61496.0,58000.0,58413.44,51570.3,55.74,,,,,224000.0,,,,,,,1713000.000000001
0,2021-10-28 00:00:00,58413.44,62499.0,57820.0,60575.89,51763.06,50.4,,,,,224000.0,,,,,,,1713000.000000001
0,2021-10-29 00:00:00,60575.9,62980.0,60174.81,62253.71,52011.31,55.64,,,,,224000.0,,,,,,,1713000.000000001
0,2021-10-30 00:00:00,62253.7,62359.25,60673.0,61859.19,52299.83,59.28,,,,,224000.0,,,,,,,1713000.000000001
0,2021-10-31 00:00:00,61859.19,62405.3,59945.36,61299.8,52569.11,58.06,,,,,224000.0,,,,,,,1713000.000000001
0,2021-11-01 00:00:00,61299.81,62437.74,59405.0,60911.11,52815.04,56.26,,,,,224000.0,,,,,,,1713000.000000001
0,2021-11-02 00:00:00,60911.12,64270.0,60624.68,63219.99,53043.1,54.97,,,,,224000.0,,,,,,,1713000.000000001
0,2021-11-03 00:00:00,63220.57,63500.0,60382.76,62896.48,53329.79,60.79,,,,,224000.0,,,,,,,1713000.000000001
0,2021-11-04 00:00:00,62896.49,63086.31,60677.01,61395.01,53599.28,59.61,,,,,224000.0,,,,,,,1713000.000000001
0,2021-11-05 00:00:00,61395.01,62595.72,60721.0,60937.12,53818.87,54.29,,,,,224000.0,,,,,,,1713000.000000001
0,2021-11-06 00:00:00,60940.18,61560.49,60050.0,61470.61,54019.47,52.74,,,,,224000.0,,,,,,,1713000.000000001
0,2021-11-07 00:00:00,61470.62,63286.35,61322.78,63273.59,54229.37,54.4,,,,,224000.0,,,,,,,1713000.000000001
0,2021-11-08 00:00:00,63273.58,67789.0,63273.58,67525.83,54484.13,59.66,,,,,224000.0,,,,,,,1713000.000000001
0,2021-11-09 00:00:00,67525.82,68524.25,66222.4,66947.66,54851.5,68.89,,,,,224000.0,,,,,,,1713000.000000001
0,2021-11-10 00:00:00,66947.67,69000.0,62822.9,64882.43,55192.24,66.63,,,,,224000.0,,,,,,,1713000.000000001
0,2021-11-11 00:00:00,64882.42,65600.07,64100.0,64774.26,55465.2,59.07,,,,,224000.0,,,,,,,1713000.000000001
0,2021-11-12 00:00:00,64774.25,65450.7,62278.0,64122.23,55727.43,58.69,,,,,224000.0,,,,,,,1713000.000000001
0,2021-11-13 00:00:00,64122.22,65000.0,63360.22,64380.0,55963.9,56.31,,,,,224000.0,,,,,,,1713000.000000001
0,2021-11-14 00:00:00,64380.01,65550.51,63576.27,65519.1,56200.98,57.06,,,,,224000.0,,,,,,,1713000.000000001
0,2021-11-15 00:00:00,65519.11,66401.82,63400.0,63606.74,56463.46,60.35,,,,,224000.0,,,,,,,1713000.000000001
0,2021-11-16 00:00:00,63606.73,63617.31,58574.07,60058.87,56664.68,52.92,,,,,224000.0,,,,,,,1713000.000000001
0,2021-11-17 00:00:00,60058.87,60840.23,58373.0,60344.87,56760.29,42.37,,,,,224000.0,,,,,,,1713000.000000001
0,2021-11-18 00:00:00,60344.86,60976.0,56474.26,56891.62,56861.26,43.36,,,,,224000.0,,,,,,,1713000.000000001
0,2021-11-19 00:00:00,56891.62,58320.0,55600.0,58052.24,56862.12,35.34,,,,,224000.0,,,,,,,1713000.000000001
0,2021-11-20 00:00:00,58057.1,59845.0,57353.0,59707.51,56895.78,39.46,,,,,224000.0,,,,,,,1713000.000000001
0,2021-11-21 00:00:00,59707.52,60029.76,58486.65,58622.02,56974.98,44.89,,,,,224000.0,,,,,,,1713000.000000001
0,2021-11-22 00:00:00,58617.7,59444.0,55610.0,56247.18,57021.26,42.17,,,,,224000.0,,,,,,,1713000.000000001
0,2021-11-23 00:00:00,56243.83,58009.99,55317.0,57541.27,56999.36,36.85,,,,,225500.0,,,,,,,1718000.000000001
0,2021-11-24 00:00:00,57541.26,57735.0,55837.0,57138.29,57014.62,41.27,,,,,225500.0,,,,,,,1718000.000000001
0,2021-11-25 00:00:00,57138.29,59398.9,57000.0,58960.36,57018.11,40.31,,,,,225500.0,,,,,,,1718000.000000001
0,2021-11-26 00:00:00,58960.37,59150.0,53500.0,53726.53,57072.82,46.42,,,,,225500.0,,,,,,,1718000.000000001
0,2021-11-27 00:00:00,53723.72,55280.0,53610.0,54721.03,56978.48,35.14,,,,,225500.0,,,,,,,1718000.000000001
0,2021-11-28 00:00:00,54716.47,57445.05,53256.64,57274.88,56914.76,38.24,,,,,225500.0,,,,,,,1718000.000000001
0,2021-11-29 00:00:00,57274.89,58865.97,56666.67,57776.25,56924.9,45.57,,,,,225500.0,,,,,,,1718000.000000001
0,2021-11-30 00:00:00,57776.25,59176.99,55875.55,56950.56,56948.89,46.92,,,,,225500.0,,,,,,,1718000.000000001
0,2021-12-01 00:00:00,56950.56,59053.55,56458.01,57184.07,56948.93,44.92,,,,,225500.0,,,,,,,1718000.000000001
0,2021-12-02 00:00:00,57184.07,57375.47,55777.77,56480.34,56955.56,45.63,,,,,225500.0,,,,,,,1718000.000000001
0,2021-12-03 00:00:00,56484.26,57600.0,51680.0,53601.05,56942.28,43.78,,,,,225500.0,,,,,,,1718000.000000001
0,2021-12-04 00:00:00,53601.05,53859.1,42000.3,49152.47,56848.16,37.02,,,,,225500.0,,,,,,,1718000.000000001
0,2021-12-05 00:00:00,49152.46,49699.05,47727.21,49396.33,56631.38,29.38,,,,,225500.0,,,,,,,1718000.000000001
0,2021-12-06 00:00:00,49396.32,50891.11,47100.0,50441.92,56427.58,30.24,,,,,225500.0,,,,,,,1718000.000000001
0,2021-12-07 00:00:00,50441.91,51936.33,50039.74,50588.95,56258.97,34.0,,,,,225500.0,,,,,,,1718000.000000001
0,2021-12-08 00:00:00,50588.95,51200.0,48600.0,50471.19,56099.25,34.55,,,,,225500.0,,,,,,,1718000.000000001
0,2021-12-09 00:00:00,50471.19,50797.76,47320.0,47545.59,55940.71,34.3,,,,,225500.0,,,,,,,1718000.000000001
0,2021-12-10 00:00:00,47535.9,50125.0,46852.0,47140.54,55703.95,28.74,,,,,225500.0,,,,,,,1718000.000000001
0,2021-12-11 00:00:00,47140.54,49485.71,46751.0,49389.99,55462.73,28.07,,,,,225500.0,,,,,,,1718000.000000001
0,2021-12-12 00:00:00,49389.99,50777.0,48638.0,50053.9,55291.67,37.15,,,,,225500.0,,,,,,,1718000.000000001
0,2021-12-13 00:00:00,50053.9,50189.97,45672.75,46702.75,55144.13,39.6,,,,,225500.0,,,,,,,1718000.000000001
0,2021-12-14 00:00:00,46702.76,48700.41,46290.0,48343.28,54906.34,32.59,,,,,225500.0,,,,,,,1718000.000000001
0,2021-12-15 00:00:00,48336.95,49500.0,46547.0,48864.98,54721.29,38.39,,,,,225500.0,,,,,,,1718000.000000001
0,2021-12-16 00:00:00,48864.98,49436.43,47511.0,47632.38,54556.32,40.21,,,,,225500.0,,,,,,,1718000.000000001
0,2021-12-17 00:00:00,47632.38,47995.96,45456.0,46131.2,54361.28,37.4,,,,,225500.0,,,,,,,1718000.000000001
0,2021-12-18 00:00:00,46133.83,47392.37,45500.0,46834.48,54129.52,34.24,,,,,225500.0,,,,,,,1718000.000000001
0,2021-12-19 00:00:00,46834.47,48300.01,46406.91,46681.23,53924.03,36.96,,,,,225500.0,,,,,,,1718000.000000001
0,2021-12-20 00:00:00,46681.24,47537.57,45558.85,46914.16,53720.0,36.6,,,,,225500.0,,,,,,,1718000.000000001
0,2021-12-21 00:00:00,46914.17,49328.96,46630.0,48889.88,53528.29,37.61,,,,,225500.0,,,,,,,1718000.000000001
0,2021-12-22 00:00:00,48887.59,49576.13,48421.87,48588.16,53397.57,45.63,,,,,225500.0,,,,,,,1718000.000000001
0,2021-12-23 00:00:00,48588.17,51375.0,47920.42,50838.81,53262.09,44.68,,,,,227000.0,,,,,,,1723000.000000001
0,2021-12-24 00:00:00,50838.82,51810.0,50384.43,50820.0,53193.83,52.75,,,,,227000.0,,,,,,,1723000.000000001
0,2021-12-25 00:00:00,50819.99,51156.23,50142.32,50399.66,53126.96,52.68,,,,,227000.0,,,,,,,1723000.000000001
0,2021-12-26 00:00:00,50399.67,51280.0,49412.0,50775.49,53050.14,51.03,,,,,227000.0,,,,,,,1723000.000000001
0,2021-12-27 00:00:00,50775.48,52088.0,50449.0,50701.44,52986.06,52.48,,,,,227000.0,,,,,,,1723000.000000001
0,2021-12-28 00:00:00,50701.44,50704.05,47313.01,47543.74,52921.71,52.15,,,,,227000.0,,,,,,,1723000.000000001
0,2021-12-29 00:00:00,47543.74,48139.08,46096.99,46464.66,52770.21,40.27,,,,,227000.0,,,,,,,1723000.000000001
0,2021-12-30 00:00:00,46464.66,47900.0,45900.0,47120.87,52592.59,37.12,,,,,227000.0,,,,,,,1723000.000000001
0,2021-12-31 00:00:00,47120.88,48548.26,45678.0,46216.93,52438.46,40.22,,,,,227000.0,,,,,,,1723000.000000001
0,2022-01-01 00:00:00,46216.93,47954.63,46208.37,47722.65,52263.21,37.44,,,,,227000.0,,,,,,,1723000.000000001
0,2022-01-02 00:00:00,47722.66,47990.0,46654.0,47286.18,52135.3,44.42,,,,,227000.0,,,,,,,1723000.000000001
0,2022-01-03 00:00:00,47286.18,47570.0,45696.0,46446.1,51998.71,42.91,,,,,227000.0,,,,,,,1723000.000000001
0,2022-01-04 00:00:00,46446.1,47557.54,45500.0,45832.01,51842.3,40.04,,,,,227000.0,,,,,,,1723000.000000001
0,2022-01-05 00:00:00,45832.01,47070.0,42500.0,43451.13,51672.99,38.02,,2022-01-05 00:00:00,空頭進場,45832.01,227000.0,123.822,44915.3698,47665.29,,,"Short Win : 1
Short Lose : 0
Uncertain : 0
Nothing : 0",1836500.000000001
0,2022-01-06 00:00:00,43451.14,43816.0,42430.58,43082.31,51441.39,31.32,,,,,227000.0,,,,,,,1836500.000000001
0,2022-01-07 00:00:00,43082.3,43145.83,40610.0,41566.48,51205.92,30.42,,,,,227000.0,,,,,,,1836500.000000001
0,2022-01-08 00:00:00,41566.48,42300.0,40501.0,41679.74,50934.39,26.93,,,,,227000.0,,,,,,,1836500.000000001
0,2022-01-09 00:00:00,41679.74,42786.7,41200.02,41864.62,50673.7,27.61,,,,,227000.0,,,,,,,1836500.000000001
0,2022-01-10 00:00:00,41864.62,42248.5,39650.0,41822.49,50425.55,28.78,,,,,227000.0,,,,,,,1836500.000000001
0,2022-01-11 00:00:00,41822.49,43100.0,41268.93,42729.29,50183.21,28.67,,,,,227000.0,,,,,,,1836500.000000001
0,2022-01-12 00:00:00,42729.29,44322.0,42450.0,43902.66,49973.24,34.82,,,,,227000.0,,,,,,,1836500.000000001
0,2022-01-13 00:00:00,43902.65,44500.0,42311.22,42560.11,49802.24,41.89,,,,,227000.0,,,,,,,1836500.000000001
0,2022-01-14 00:00:00,42558.35,43448.78,41725.95,43059.96,49598.19,36.89,,,,,227000.0,,,,,,,1836500.000000001
0,2022-01-15 00:00:00,43059.96,43800.0,42555.0,43084.29,49414.01,39.81,,,,,227000.0,,,,,,,1836500.000000001
0,2022-01-16 00:00:00,43084.29,43475.0,42581.79,43071.66,49235.71,39.96,,,,,227000.0,,,,,,,1836500.000000001
0,2022-01-17 00:00:00,43071.66,43176.18,41540.42,42201.62,49062.07,39.9,,,,,227000.0,,,,,,,1836500.000000001
0,2022-01-18 00:00:00,42201.63,42691.0,41250.0,42352.12,48868.82,36.15,,,,,227000.0,,,,,,,1836500.000000001
0,2022-01-19 00:00:00,42352.12,42559.13,41138.56,41660.01,48685.25,37.26,,,,,227000.0,,,,,,,1836500.000000001
0,2022-01-20 00:00:00,41660.0,43505.0,40553.31,40680.91,48487.36,34.26,,,,,227000.0,,,,,,,1836500.000000001
0,2022-01-21 00:00:00,40680.92,41100.0,35440.45,36445.31,48267.46,30.47,,,,,227000.0,,,,,,,1836500.000000001
0,2022-01-22 00:00:00,36445.31,36835.22,34008.0,35071.42,47934.44,20.02,,,,,228500.0,,,,,,,1841500.000000001
0,2022-01-23 00:00:00,35071.42,36499.0,34601.01,36244.55,47572.1,17.86,,,,,228500.0,,,,,,,1841500.000000001
0,2022-01-24 00:00:00,36244.55,37550.0,32917.17,36660.35,47253.02,25.38,,,,,228500.0,,,,,,,1841500.000000001
0,2022-01-25 00:00:00,36660.35,37545.14,35701.0,36958.32,46954.63,27.93,,,,,228500.0,,,,,,,1841500.000000001
0,2022-01-26 00:00:00,36958.32,38919.98,36234.63,36809.34,46673.05,29.81,,,,,228500.0,,,,,,,1841500.000000001
0,2022-01-27 00:00:00,36807.24,37234.47,35507.01,37160.1,46395.14,29.38,,,,,228500.0,,,,,,,1841500.000000001
0,2022-01-28 00:00:00,37160.11,38000.0,36155.01,37716.56,46134.99,31.85,,,,,228500.0,,,,,,,1841500.000000001
0,2022-01-29 00:00:00,37716.57,38720.74,37268.44,38166.84,45897.86,35.71,,,,,228500.0,,,,,,,1841500.000000001
0,2022-01-30 00:00:00,38166.83,38359.26,37351.63,37881.76,45680.08,38.77,,,,,228500.0,,,,,,,1841500.000000001
0,2022-01-31 00:00:00,37881.75,38744.0,36632.61,38466.9,45460.41,37.54,,,,,228500.0,,,,,,,1841500.000000001
0,2022-02-01 00:00:00,38466.9,39265.2,38000.0,38694.59,45263.41,41.69,,,,,228500.0,,,,,,,1841500.000000001
0,2022-02-02 00:00:00,38694.59,38855.92,36586.95,36896.36,45078.37,43.3,,,,,228500.0,,,,,,,1841500.000000001
0,2022-02-03 00:00:00,36896.37,37387.0,36250.0,37311.61,44847.89,35.01,,,,,228500.0,,,,,,,1841500.000000001
0,2022-02-04 00:00:00,37311.98,41772.33,37026.73,41574.25,44635.61,38.0,,,,,228500.0,,,,,,,1841500.000000001
0,2022-02-05 00:00:00,41571.7,41913.69,40843.01,41382.59,44549.31,59.07,,,,,228500.0,,,,,,,1841500.000000001
0,2022-02-06 00:00:00,41382.6,42656.0,41116.56,42380.87,44460.1,58.11,,,,,228500.0,,,,,,,1841500.000000001
0,2022-02-07 00:00:00,42380.87,44500.5,41645.85,43839.99,44401.53,61.69,,,,,228500.0,,,,,,,1841500.000000001
0,2022-02-08 00:00:00,43839.99,45492.0,42666.0,44042.99,44385.71,66.27,,,,,228500.0,,,,,,,1841500.000000001
0,2022-02-09 00:00:00,44043.0,44799.0,43117.92,44372.72,44376.06,66.88,,,,,228500.0,,,,,,,1841500.000000001
0,2022-02-10 00:00:00,44372.71,45821.0,43174.01,43495.44,44375.97,67.89,,,,,228500.0,,,,,,,1841500.000000001
0,2022-02-11 00:00:00,43495.44,43920.0,41938.51,42373.73,44351.16,62.34,,,,,228500.0,,,,,,,1841500.000000001
0,2022-02-12 00:00:00,42373.73,43079.49,41688.88,42217.87,44295.46,55.97,,,,,228500.0,,,,,,,1841500.000000001
0,2022-02-13 00:00:00,42217.87,42760.0,41870.0,42053.66,44236.94,55.11,,,,,228500.0,,,,,,,1841500.000000001
0,2022-02-14 00:00:00,42053.65,42842.4,41550.56,42535.94,44175.44,54.16,,,,,228500.0,,,,,,,1841500.000000001
0,2022-02-15 00:00:00,42535.94,44751.4,42427.03,44544.86,44129.25,56.56,,,,,228500.0,,,,,,,1841500.000000001
0,2022-02-16 00:00:00,44544.85,44549.97,43307.0,43873.56,44140.96,64.91,,,,,228500.0,,,,,,,1841500.000000001
0,2022-02-17 00:00:00,43873.56,44164.71,40073.21,40515.7,44133.43,60.66,,,,,228500.0,,,,,,,1841500.000000001
0,2022-02-18 00:00:00,40515.71,40959.88,39450.0,39974.44,44031.52,44.69,,,,,228500.0,,,,,,,1841500.000000001
0,2022-02-19 00:00:00,39974.45,40444.32,39639.03,40079.17,43917.24,42.71,,2022-02-19 00:00:00,空頭進場,39974.45,228500.0,142.904,39174.960999999996,41573.43,,,"Short Win : 0
Short Lose : 0
Uncertain : 0
Nothing : 1",1613000.000000001
0,2022-02-20 00:00:00,40079.17,40125.44,38000.0,38386.89,43809.12,43.24,,,,,228500.0,,,,,,"Short Win : 1
Short Lose : 0
Uncertain : 0
Nothing : 0",1955750.000000001
0,2022-02-21 00:00:00,38386.89,39494.35,36800.0,37008.16,43656.38,37.18,,,,,230000.0,,,,,,,1960750.000000001
0,2022-02-22 00:00:00,37008.16,38429.0,36350.0,38230.33,43469.11,33.06,,,,,230000.0,,,,,,,1960750.000000001
0,2022-02-23 00:00:00,38230.33,39249.93,37036.79,37250.01,43321.54,39.54,,,,,230000.0,,,,,,,1960750.000000001
0,2022-02-24 00:00:00,37250.02,39843.0,34322.28,38327.21,43150.51,36.45,,,,,230000.0,,,,,,,1960750.000000001
0,2022-02-25 00:00:00,38328.68,39683.53,38014.37,39219.17,43014.68,41.9,,,,,230000.0,,,,,,,1960750.000000001
0,2022-02-26 00:00:00,39219.16,40348.45,38573.18,39116.72,42907.77,46.06,,,,,230000.0,,,,,,,1960750.000000001
0,2022-02-27 00:00:00,39116.73,39855.7,37000.0,37699.07,42800.98,45.65,,,,,230000.0,,,,,,,1960750.000000001
0,2022-02-28 00:00:00,37699.08,44225.84,37450.17,43160.0,42657.26,40.24,,,,,230000.0,,,,,,,1960750.000000001
0,2022-03-01 00:00:00,43160.0,44949.0,42809.98,44421.2,42671.42,60.11,,2022-03-01 00:00:00,多頭進場,43160.0,230000.0,133.225,44023.2,41433.6,,"Long Win : 1
Long Lose : 0
Uncertain : 0
Nothing : 0",,2075750.000000001
0,2022-03-02 00:00:00,44421.2,45400.0,43334.09,43892.98,42720.71,63.2,,,,,230000.0,,,,,,,2075750.000000001
0,2022-03-03 00:00:00,43892.99,44101.12,41832.28,42454.0,42753.73,61.04,,,,,230000.0,,,,,,,2075750.000000001
0,2022-03-04 00:00:00,42454.0,42527.3,38550.0,39148.66,42745.29,55.42,,,,,230000.0,,,,,,,2075750.000000001
0,2022-03-05 00:00:00,39148.65,39613.24,38407.59,39397.96,42643.98,45.03,,,,,230000.0,,,,,,,2075750.000000001
0,2022-03-06 00:00:00,39397.97,39693.87,38088.57,38420.81,42552.54,45.87,,,,,230000.0,,,,,,,2075750.000000001
0,2022-03-07 00:00:00,38420.8,39547.57,37155.0,37988.0,42436.15,43.07,,2022-03-07 00:00:00,空頭進場,38420.8,230000.0,149.659,37652.384000000005,39957.63,,,"Short Win : 1
Short Lose : 0
Uncertain : 0
Nothing : 0",2190750.0000000005
0,2022-03-08 00:00:00,37988.01,39362.08,37867.65,38730.63,42310.85,41.84,,,,,230000.0,,,,,,,2190750.0000000005
0,2022-03-09 00:00:00,38730.63,42594.06,38656.45,41941.71,42210.0,44.79,,,,,230000.0,,,,,,,2190750.0000000005
0,2022-03-10 00:00:00,41941.7,42039.63,38539.73,39422.0,42202.44,55.48,,,,,230000.0,,,,,,,2190750.0000000005
0,2022-03-11 00:00:00,39422.01,40236.26,38223.6,38729.57,42124.12,47.59,,,,,230000.0,,,,,,,2190750.0000000005
0,2022-03-12 00:00:00,38729.57,39486.71,38660.52,38807.36,42028.5,45.65,,,,,230000.0,,,,,,,2190750.0000000005
0,2022-03-13 00:00:00,38807.35,39310.0,37578.51,37777.34,41937.76,45.92,,,,,230000.0,,,,,,,2190750.0000000005
0,2022-03-14 00:00:00,37777.35,39947.12,37555.0,39671.37,41820.57,42.84,,,,,230000.0,,,,,,,2190750.0000000005
0,2022-03-15 00:00:00,39671.37,39887.61,38098.33,39280.33,41760.03,49.62,,,,,230000.0,,,,,,,2190750.0000000005
0,2022-03-16 00:00:00,39280.33,41718.0,38828.48,41114.0,41690.18,48.33,,,,,230000.0,,,,,,,2190750.0000000005
0,2022-03-17 00:00:00,41114.01,41478.82,40500.0,40917.9,41673.95,54.4,,,,,230000.0,,,,,,,2190750.0000000005
0,2022-03-18 00:00:00,40917.89,42325.02,40135.04,41757.51,41652.65,53.67,,,,,230000.0,,,,,,,2190750.0000000005
0,2022-03-19 00:00:00,41757.51,42400.0,41499.29,42201.13,41655.6,56.42,,,,,230000.0,,,,,,,2190750.0000000005
0,2022-03-20 00:00:00,42201.13,42296.26,40911.0,41262.11,41670.97,57.86,,,,,230000.0,,,,,,,2190750.0000000005
0,2022-03-21 00:00:00,41262.11,41544.22,40467.94,41002.25,41659.45,53.75,,,,,230000.0,,,,,,,2190750.0000000005
0,2022-03-22 00:00:00,41002.26,43361.0,40875.51,42364.13,41640.94,52.62,,,,,230000.0,,,,,,,2190750.0000000005
0,2022-03-23 00:00:00,42364.13,43025.96,41751.47,42882.76,41661.31,57.7,,,,,231500.0,,,,,,,2195750.0000000005
0,2022-03-24 00:00:00,42882.76,44220.89,42560.46,43991.46,41695.72,59.5,,,,,231500.0,,,,,,,2195750.0000000005
0,2022-03-25 00:00:00,43991.46,45094.14,43579.0,44313.16,41760.39,63.17,,,,,231500.0,,,,,,,2195750.0000000005
0,2022-03-26 00:00:00,44313.16,44792.99,44071.97,44511.27,41832.3,64.19,,,,,231500.0,,,,,,,2195750.0000000005
0,2022-03-27 00:00:00,44511.27,46999.0,44421.46,46827.76,41907.76,64.85,,,,,231500.0,,,,,,,2195750.0000000005
0,2022-03-28 00:00:00,46827.76,48189.84,46663.56,47122.21,42046.35,71.52,,,,,231500.0,,,,,,,2195750.0000000005
0,2022-03-29 00:00:00,47122.21,48096.47,46950.85,47434.8,42189.34,72.25,,,,,231500.0,,,,,,,2195750.0000000005
0,2022-03-30 00:00:00,47434.79,47700.22,46445.42,47067.99,42337.09,73.05,,,,,231500.0,,,,,,,2195750.0000000005
0,2022-03-31 00:00:00,47067.99,47600.0,45200.0,45510.34,42470.36,70.45,,,,,231500.0,,,,,,,2195750.0000000005
0,2022-04-01 00:00:00,45510.35,46720.09,44200.0,46283.49,42555.99,60.48,,,,,231500.0,,,,,,,2195750.0000000005
0,2022-04-02 00:00:00,46283.49,47213.0,45620.0,45811.0,42660.99,63.29,,,,,231500.0,,,,,,,2195750.0000000005
0,2022-04-03 00:00:00,45810.99,47444.11,45530.92,46407.35,42749.73,60.42,,,,,231500.0,,,,,,,2195750.0000000005
0,2022-04-04 00:00:00,46407.36,46890.71,45118.0,46580.51,42852.76,62.75,,,,,231500.0,,,,,,,2195750.0000000005
0,2022-04-05 00:00:00,46580.5,47200.0,45353.81,45497.55,42957.76,63.43,,,,,231500.0,,,,,,,2195750.0000000005
0,2022-04-06 00:00:00,45497.54,45507.14,43121.0,43170.47,43029.31,56.4,,,,,231500.0,,,,,,,2195750.0000000005
0,2022-04-07 00:00:00,43170.47,43900.99,42727.35,43444.19,43033.28,44.77,,,,,231500.0,,,,,,,2195750.0000000005
0,2022-04-08 00:00:00,43444.2,43970.62,42107.14,42252.01,43044.86,46.2,,,,,231500.0,,,,,,,2195750.0000000005
0,2022-04-09 00:00:00,42252.02,42800.0,42125.48,42753.97,43022.52,41.16,,,,,231500.0,,,,,,,2195750.0000000005
0,2022-04-10 00:00:00,42753.96,43410.3,41868.0,42158.85,43014.96,43.97,,,,,231500.0,,,,,,,2195750.0000000005
0,2022-04-11 00:00:00,42158.85,42414.71,39200.0,39530.45,42990.84,41.41,,,,,231500.0,,,,,,,2195750.0000000005
0,2022-04-12 00:00:00,39530.45,40699.0,39254.63,40074.94,42893.37,32.35,,,,,231500.0,,,,,,,2195750.0000000005
0,2022-04-13 00:00:00,40074.95,41561.31,39588.54,41147.79,42813.98,35.54,,,,,231500.0,,,,,,,2195750.0000000005
0,2022-04-14 00:00:00,41147.78,41500.0,39551.94,39942.38,42767.04,41.46,,,,,231500.0,,,,,,,2195750.0000000005
0,2022-04-15 00:00:00,39942.37,40870.36,39766.4,40551.9,42687.47,37.26,,,,,231500.0,,,,,,,2195750.0000000005
0,2022-04-16 00:00:00,40551.9,40709.35,39991.55,40378.71,42627.32,40.58,,,,,231500.0,,,,,,,2195750.0000000005
0,2022-04-17 00:00:00,40378.7,40595.67,39546.17,39678.12,42563.97,39.93,,,,,231500.0,,,,,,,2195750.0000000005
0,2022-04-18 00:00:00,39678.11,41116.73,38536.51,40801.13,42482.68,37.27,,,,,231500.0,,,,,,,2195750.0000000005
0,2022-04-19 00:00:00,40801.13,41760.0,40571.0,41493.18,42435.31,43.81,,,,,231500.0,,,,,,,2195750.0000000005
0,2022-04-20 00:00:00,41493.19,42199.0,40820.0,41358.19,42408.78,47.49,,,,,231500.0,,,,,,,2195750.0000000005
0,2022-04-21 00:00:00,41358.19,42976.0,39751.0,40480.01,42379.18,46.83,,,,,231500.0,,,,,,,2195750.0000000005
0,2022-04-22 00:00:00,40480.01,40795.06,39177.0,39709.18,42325.68,42.67,,,,,233000.0,,,,,,,2200750.0000000005
0,2022-04-23 00:00:00,39709.19,39980.0,39285.0,39441.6,42251.98,39.33,,,,,233000.0,,,,,,,2200750.0000000005
0,2022-04-24 00:00:00,39441.61,39940.0,38929.62,39450.13,42172.81,38.2,,,,,233000.0,,,,,,,2200750.0000000005
0,2022-04-25 00:00:00,39450.12,40616.0,38200.0,40426.08,42096.12,38.26,,,,,233000.0,,,,,,,2200750.0000000005
0,2022-04-26 00:00:00,40426.08,40797.31,37702.26,38112.65,42049.08,45.12,,,,,233000.0,,,,,,,2200750.0000000005
0,2022-04-27 00:00:00,38112.64,39474.72,37881.31,39235.72,41938.19,35.05,,,,,233000.0,,,,,,,2200750.0000000005
0,2022-04-28 00:00:00,39235.72,40372.63,38881.43,39742.07,41862.06,41.91,,,,,233000.0,,,,,,,2200750.0000000005
0,2022-04-29 00:00:00,39742.06,39925.25,38175.0,38596.11,41802.35,44.78,,,,,233000.0,,,,,,,2200750.0000000005
0,2022-04-30 00:00:00,38596.11,38795.38,37578.2,37630.8,41712.03,39.91,,,,,233000.0,,,,,,,2200750.0000000005
0,2022-05-01 00:00:00,37630.8,38675.0,37386.38,38468.35,41597.07,36.29,,,,,233000.0,,,,,,,2200750.0000000005
0,2022-05-02 00:00:00,38468.35,39167.34,38052.0,38525.16,41508.93,41.33,,,,,233000.0,,,,,,,2200750.0000000005
0,2022-05-03 00:00:00,38525.16,38651.51,37517.8,37728.95,41424.88,41.67,,,,,233000.0,,,,,,,2200750.0000000005
0,2022-05-04 00:00:00,37728.95,40023.77,37670.0,39690.0,41320.77,38.27,,,,,233000.0,,,,,,,2200750.0000000005
0,2022-05-05 00:00:00,39690.0,39845.51,35571.9,36552.97,41274.83,49.39,,,,,233000.0,,,,,,,2200750.0000000005
0,2022-05-06 00:00:00,36552.97,36675.63,35258.0,36013.77,41141.82,37.57,,,,,233000.0,,,,,,,2200750.0000000005
0,2022-05-07 00:00:00,36013.77,36146.3,34785.0,35472.39,40997.37,35.96,,,,,233000.0,,,,,,,2200750.0000000005
0,2022-05-08 00:00:00,35472.4,35514.22,33713.95,34038.4,40841.74,34.35,,,,,233000.0,,,,,,,2200750.0000000005
0,2022-05-09 00:00:00,34038.39,34243.15,30033.33,30076.31,40650.1,30.4,,,,,233000.0,,,,,,,2200750.0000000005
0,2022-05-10 00:00:00,30074.23,32658.99,29730.4,31017.1,40352.18,22.58,,,,,233000.0,,,,,,,2200750.0000000005
0,2022-05-11 00:00:00,31017.11,32162.59,27785.0,29103.94,40089.22,27.43,,,,,233000.0,,,,,,,2200750.0000000005
0,2022-05-12 00:00:00,29103.94,30243.0,26700.0,29029.75,39779.78,24.09,,,,,233000.0,,,,,,,2200750.0000000005
0,2022-05-13 00:00:00,29029.74,31083.37,28751.67,29287.05,39476.96,23.97,,,,,233000.0,,,,,,,2200750.0000000005
0,2022-05-14 00:00:00,29287.05,30343.27,28630.0,30086.74,39189.92,25.41,,,,,233000.0,,,,,,,2200750.0000000005
0,2022-05-15 00:00:00,30086.74,31460.0,29480.0,31328.89,38933.49,29.93,,,,,233000.0,,,,,,,2200750.0000000005
0,2022-05-16 00:00:00,31328.89,31328.9,29087.04,29874.01,38719.28,36.44,,,,,233000.0,,,,,,,2200750.0000000005
0,2022-05-17 00:00:00,29874.01,30788.37,29450.38,30444.93,38470.12,32.57,,,,,233000.0,,,,,,,2200750.0000000005
0,2022-05-18 00:00:00,30444.93,30709.99,28654.47,28715.32,38244.06,35.51,,,,,233000.0,,,,,,,2200750.0000000005
0,2022-05-19 00:00:00,28715.33,30545.18,28691.38,30319.23,37975.64,31.04,,,,,233000.0,,,,,,,2200750.0000000005
0,2022-05-20 00:00:00,30319.22,30777.33,28730.0,29201.01,37759.97,38.82,,,,,233000.0,,,,,,,2200750.0000000005
0,2022-05-21 00:00:00,29201.01,29656.18,28947.28,29445.06,37518.87,35.75,,,,,233000.0,,,,,,,2200750.0000000005
0,2022-05-22 00:00:00,29445.07,30487.99,29255.11,30293.94,37291.44,36.94,,,,,234500.0,,,,,,,2205750.0000000005
0,2022-05-23 00:00:00,30293.93,30670.51,28866.35,29109.15,37094.33,41.07,,,,,234500.0,,,,,,,2205750.0000000005
0,2022-05-24 00:00:00,29109.14,29845.86,28669.0,29654.58,36869.39,37.35,,,,,234500.0,,,,,,,2205750.0000000005
0,2022-05-25 00:00:00,29654.58,30223.74,29294.21,29542.15,36666.16,40.08,,,,,234500.0,,,,,,,2205750.0000000005
0,2022-05-26 00:00:00,29542.14,29886.64,28019.56,29201.35,36465.48,39.69,,,,,234500.0,,,,,,,2205750.0000000005
0,2022-05-27 00:00:00,29201.35,29397.66,28282.9,28629.8,36260.86,38.45,,,,,234500.0,,,,,,,2205750.0000000005
0,2022-05-28 00:00:00,28629.81,29266.0,28450.0,29031.33,36045.9,36.39,,,,,234500.0,,,,,,,2205750.0000000005
0,2022-05-29 00:00:00,29031.33,29587.78,28839.21,29468.1,35848.3,38.9,,,,,234500.0,,,,,,,2205750.0000000005
0,2022-05-30 00:00:00,29468.1,32222.0,29299.62,31734.22,35668.58,41.65,,,,,234500.0,,,,,,,2205750.0000000005
0,2022-05-31 00:00:00,31734.23,32399.0,31200.01,31801.04,35557.75,53.47,,,,,234500.0,,,,,,,2205750.0000000005
0,2022-06-01 00:00:00,31801.05,31982.97,29301.0,29805.83,35451.93,53.77,,,,,234500.0,,,,,,,2205750.0000000005
0,2022-06-02 00:00:00,29805.84,30689.0,29594.55,30452.62,35292.89,44.4,,,,,234500.0,,,,,,,2205750.0000000005
0,2022-06-03 00:00:00,30452.63,30699.0,29282.36,29700.21,35156.54,47.63,,,,,234500.0,,,,,,,2205750.0000000005
0,2022-06-04 00:00:00,29700.21,29988.88,29485.0,29864.04,35002.84,44.36,,,,,234500.0,,,,,,,2205750.0000000005
0,2022-06-05 00:00:00,29864.03,30189.0,29531.42,29919.21,34858.09,45.25,,,,,234500.0,,,,,,,2205750.0000000005
0,2022-06-06 00:00:00,29919.2,31765.64,29890.23,31373.1,34718.96,45.57,,,,,234500.0,,,,,,,2205750.0000000005
0,2022-06-07 00:00:00,31373.1,31589.6,29218.96,31125.33,34624.71,53.41,,,,,234500.0,,,,,,,2205750.0000000005
0,2022-06-08 00:00:00,31125.32,31327.22,29843.88,30204.77,34526.14,52.02,,,,,234500.0,,,,,,,2205750.0000000005
0,2022-06-09 00:00:00,30204.77,30700.0,29944.1,30109.93,34404.41,47.05,,,,,234500.0,,,,,,,2205750.0000000005
0,2022-06-10 00:00:00,30109.93,30382.8,28850.0,29091.88,34283.44,46.55,,,,,234500.0,,,,,,,2205750.0000000005
0,2022-06-11 00:00:00,29091.87,29440.41,28099.99,28424.7,34137.2,41.39,,,,,234500.0,,,,,,,2205750.0000000005
0,2022-06-12 00:00:00,28424.71,28544.96,26560.0,26574.53,33976.28,38.36,,,,,234500.0,,,,,,,2205750.0000000005
0,2022-06-13 00:00:00,26574.53,26895.84,21925.77,22487.41,33767.78,31.39,,2022-06-13 00:00:00,空頭進場,26574.53,234500.0,220.606,26043.039399999998,27637.51,,,"Short Win : 1
Short Lose : 0
Uncertain : 0
Nothing : 0",2323000.0000000005
0,2022-06-14 00:00:00,22485.27,23362.88,20846.0,22136.41,33449.96,21.83,,,,,234500.0,,,,,,,2323000.0000000005
0,2022-06-15 00:00:00,22136.42,22800.0,20111.62,22583.72,33131.27,21.23,,,,,234500.0,,,,,,,2323000.0000000005
0,2022-06-16 00:00:00,22583.72,22995.73,20232.0,20401.31,32834.16,24.16,,,,,234500.0,,,,,,,2323000.0000000005
0,2022-06-17 00:00:00,20400.6,21365.43,20246.66,20468.81,32483.92,20.17,,,,,234500.0,,,,,,,2323000.0000000005
0,2022-06-18 00:00:00,20468.81,20792.06,17622.0,18970.79,32145.46,20.62,,,,,234500.0,,,,,,,2323000.0000000005
0,2022-06-19 00:00:00,18970.79,20815.95,17960.41,20574.0,31774.35,18.18,,,,,234500.0,,,,,,,2323000.0000000005
0,2022-06-20 00:00:00,20574.0,21090.0,19637.03,20573.89,31458.84,28.1,,,,,234500.0,,,,,,,2323000.0000000005
0,2022-06-21 00:00:00,20573.9,21723.0,20348.4,20723.52,31152.23,28.1,,,,,236000.0,,,,,,,2328000.0000000005
0,2022-06-22 00:00:00,20723.51,20900.0,19770.51,19987.99,30858.46,29.05,,,,,236000.0,,,,,,,2328000.0000000005
0,2022-06-23 00:00:00,19988.0,21233.0,19890.07,21110.13,30552.25,27.12,,,,,236000.0,,,,,,,2328000.0000000005
0,2022-06-24 00:00:00,21110.12,21558.41,20736.72,21237.69,30286.27,34.39,,,,,236000.0,,,,,,,2328000.0000000005
0,2022-06-25 00:00:00,21237.68,21614.5,20906.62,21491.19,30031.38,35.19,,,,,236000.0,,,,,,,2328000.0000000005
0,2022-06-26 00:00:00,21491.18,21888.0,20964.73,21038.07,29790.81,36.86,,,,,236000.0,,,,,,,2328000.0000000005
0,2022-06-27 00:00:00,21038.08,21539.85,20510.0,20742.56,29544.26,35.09,,,,,236000.0,,,,,,,2328000.0000000005
0,2022-06-28 00:00:00,20742.57,21212.1,20202.01,20281.29,29296.32,33.94,,,,,236000.0,,,,,,,2328000.0000000005
0,2022-06-29 00:00:00,20281.28,20432.31,19854.92,20123.01,29042.38,32.13,,,,,236000.0,,,,,,,2328000.0000000005
0,2022-06-30 00:00:00,20123.0,20179.08,18626.0,19942.21,28791.13,31.51,,,,,236000.0,,,,,,,2328000.0000000005
0,2022-07-01 00:00:00,19942.21,20918.35,18975.0,19279.8,28541.86,30.76,,,,,236000.0,,,,,,,2328000.0000000005
