,Open Time,open,high,low,close,Close Time,DIF,DEA,MACD
0,2022-08-11 08:00:00,23954.05,24918.54,23852.13,23934.39,2022-08-12 07:59:59.999000064,,,
1,2022-08-12 08:00:00,23933.09,24456.5,23583.0,24403.68,2022-08-13 07:59:59.999000064,,,
2,2022-08-13 08:00:00,24401.7,24888.0,24291.22,24441.38,2022-08-14 07:59:59.999000064,,,
3,2022-08-14 08:00:00,24443.06,25047.56,24144.0,24305.24,2022-08-15 07:59:59.999000064,,,
4,2022-08-15 08:00:00,24305.25,25211.32,23773.22,24094.82,2022-08-16 07:59:59.999000064,,,
5,2022-08-16 08:00:00,24093.04,24247.49,23671.22,23854.74,2022-08-17 07:59:59.999000064,,,
6,2022-08-17 08:00:00,23856.15,24446.71,23180.4,23342.66,2022-08-18 07:59:59.999000064,,,
7,2022-08-18 08:00:00,23342.66,23600.0,23111.04,23191.2,2022-08-19 07:59:59.999000064,,,
8,2022-08-19 08:00:00,23191.45,23208.67,20783.57,20834.39,2022-08-20 07:59:59.999000064,,,
9,2022-08-20 08:00:00,20834.39,21382.85,20761.9,21140.07,2022-08-21 07:59:59.999000064,,,
10,2022-08-21 08:00:00,21140.07,21800.0,21069.11,21515.61,2022-08-22 07:59:59.999000064,,,
11,2022-08-22 08:00:00,21516.7,21548.71,20890.18,21399.83,2022-08-23 07:59:59.999000064,,,
12,2022-08-23 08:00:00,21400.75,21684.87,20890.14,21529.12,2022-08-24 07:59:59.999000064,,,
13,2022-08-24 08:00:00,21529.11,21900.0,21145.0,21368.08,2022-08-25 07:59:59.999000064,,,
14,2022-08-25 08:00:00,21368.05,21819.88,21310.15,21559.04,2022-08-26 07:59:59.999000064,,,
15,2022-08-26 08:00:00,21559.04,21886.77,20107.9,20241.05,2022-08-27 07:59:59.999000064,,,
16,2022-08-27 08:00:00,20239.14,20402.93,19800.0,20037.6,2022-08-28 07:59:59.999000064,,,
17,2022-08-28 08:00:00,20037.6,20171.18,19520.0,19555.61,2022-08-29 07:59:59.999000064,,,
18,2022-08-29 08:00:00,19555.61,20433.62,19550.79,20285.73,2022-08-30 07:59:59.999000064,,,
19,2022-08-30 08:00:00,20287.2,20576.25,19540.0,19811.66,2022-08-31 07:59:59.999000064,,,
20,2022-08-31 08:00:00,19813.03,20490.0,19797.94,20050.02,2022-09-01 07:59:59.999000064,,,
21,2022-09-01 08:00:00,20048.44,20208.37,19565.66,20131.46,2022-09-02 07:59:59.999000064,,,
22,2022-09-02 08:00:00,20132.64,20441.26,19755.29,19951.86,2022-09-03 07:59:59.999000064,,,
23,2022-09-03 08:00:00,19950.98,20055.93,19652.72,19831.9,2022-09-04 07:59:59.999000064,,,
24,2022-09-04 08:00:00,19832.45,20029.23,19583.1,20000.3,2022-09-05 07:59:59.999000064,,,
25,2022-09-05 08:00:00,20000.3,20057.27,19633.83,19796.84,2022-09-06 07:59:59.999000064,-903.36,,
26,2022-09-06 08:00:00,19795.34,20180.0,18649.51,18790.61,2022-09-07 07:59:59.999000064,-956.49,,
27,2022-09-07 08:00:00,18790.61,19464.06,18510.77,19292.84,2022-09-08 07:59:59.999000064,-947.14,,
28,2022-09-08 08:00:00,19292.85,19458.25,19012.0,19319.77,2022-09-09 07:59:59.999000064,-926.88,,
29,2022-09-09 08:00:00,19320.54,21597.22,19291.75,21360.11,2022-09-10 07:59:59.999000064,-737.68,,
30,2022-09-10 08:00:00,21361.62,21810.8,21111.13,21648.34,2022-09-11 07:59:59.999000064,-558.04,,
31,2022-09-11 08:00:00,21647.21,21860.0,21350.0,21826.87,2022-09-12 07:59:59.999000064,-396.7,,
32,2022-09-12 08:00:00,21826.87,22488.0,21538.51,22395.74,2022-09-13 07:59:59.999000064,-220.4,,
33,2022-09-13 08:00:00,22395.44,22799.0,19860.0,20173.57,2022-09-14 07:59:59.999000064,-257.02,-557.1,300.08
34,2022-09-14 08:00:00,20173.62,20541.48,19617.62,20226.71,2022-09-15 07:59:59.999000064,-278.55,-501.39,222.84
35,2022-09-15 08:00:00,20227.17,20330.24,19497.0,19701.88,2022-09-16 07:59:59.999000064,-334.1,-467.93,133.83
36,2022-09-16 08:00:00,19701.88,19890.0,19320.01,19803.3,2022-09-17 07:59:59.999000064,-365.73,-447.49,81.76
37,2022-09-17 08:00:00,19803.3,20189.0,19748.08,20113.62,2022-09-18 07:59:59.999000064,-361.59,-430.31,68.72
38,2022-09-18 08:00:00,20112.61,20117.26,19335.62,19416.18,2022-09-19 07:59:59.999000064,-409.86,-426.22,16.36
39,2022-09-19 08:00:00,19417.45,19686.2,18232.56,19537.02,2022-09-20 07:59:59.999000064,-433.37,-427.65,-5.72
40,2022-09-20 08:00:00,19537.02,19634.62,18711.87,18875.0,2022-09-21 07:59:59.999000064,-499.66,-442.05,-57.61
41,2022-09-21 08:00:00,18874.31,19956.0,18125.98,18461.36,2022-09-22 07:59:59.999000064,-578.9,-469.42,-109.48
42,2022-09-22 08:00:00,18461.36,19550.17,18356.39,19401.63,2022-09-23 07:59:59.999000064,-559.38,-487.41,-71.96
43,2022-09-23 08:00:00,19401.63,19500.0,18531.42,19289.91,2022-09-24 07:59:59.999000064,-546.62,-499.26,-47.37
44,2022-09-24 08:00:00,19288.57,19316.14,18805.34,18920.5,2022-09-25 07:59:59.999000064,-559.86,-511.38,-48.49
45,2022-09-25 08:00:00,18921.99,19180.21,18629.2,18807.38,2022-09-26 07:59:59.999000064,-572.88,-523.68,-49.21
46,2022-09-26 08:00:00,18809.13,19318.96,18680.72,19227.82,2022-09-27 07:59:59.999000064,-543.02,-527.55,-15.47
47,2022-09-27 08:00:00,19226.68,20385.86,18816.32,19079.13,2022-09-28 07:59:59.999000064,-525.29,-527.1,1.8
48,2022-09-28 08:00:00,19078.1,19790.0,18471.28,19412.82,2022-09-29 07:59:59.999000064,-478.8,-517.44,38.64
49,2022-09-29 08:00:00,19412.82,19645.52,18843.01,19591.51,2022-09-30 07:59:59.999000064,-422.66,-498.48,75.82
50,2022-09-30 08:00:00,19590.54,20185.0,19155.36,19422.61,2022-10-01 07:59:59.999000064,-387.33,-476.25,88.92
51,2022-10-01 08:00:00,19422.61,19484.0,19159.42,19310.95,2022-10-02 07:59:59.999000064,-364.15,-453.83,89.68
52,2022-10-02 08:00:00,19312.24,19395.91,18920.35,19056.8,2022-10-03 07:59:59.999000064,-362.11,-435.49,73.38
53,2022-10-03 08:00:00,19057.74,19719.1,18959.68,19629.08,2022-10-04 07:59:59.999000064,-310.73,-410.54,99.8
54,2022-10-04 08:00:00,19629.08,20475.0,19490.6,20337.82,2022-10-05 07:59:59.999000064,-210.4,-370.51,160.11
55,2022-10-05 08:00:00,20337.82,20365.6,19730.0,20158.26,2022-10-06 07:59:59.999000064,-143.72,-325.15,181.43
56,2022-10-06 08:00:00,20158.26,20456.6,19853.0,19960.67,2022-10-07 07:59:59.999000064,-105.6,-281.24,175.64
57,2022-10-07 08:00:00,19960.67,20068.82,19320.0,19530.09,2022-10-08 07:59:59.999000064,-108.88,-246.77,137.89
58,2022-10-08 08:00:00,19530.09,19627.38,19237.14,19417.96,2022-10-09 07:59:59.999000064,-119.16,-221.25,102.09
59,2022-10-09 08:00:00,19416.52,19558.0,19316.04,19439.02,2022-10-10 07:59:59.999000064,-124.17,-201.83,77.66
60,2022-10-10 08:00:00,19439.96,19525.0,19020.25,19131.87,2022-10-11 07:59:59.999000064,-151.18,-191.7,40.52
61,2022-10-11 08:00:00,19131.87,19268.09,18860.0,19060.0,2022-10-12 07:59:59.999000064,-176.36,-188.63,12.28
62,2022-10-12 08:00:00,19060.0,19238.31,18965.88,19155.53,2022-10-13 07:59:59.999000064,-186.45,-188.2,1.75
63,2022-10-13 08:00:00,19155.1,19513.79,18190.0,19375.13,2022-10-14 07:59:59.999000064,-174.71,-185.5,10.79
64,2022-10-14 08:00:00,19375.58,19951.87,19070.37,19176.93,2022-10-15 07:59:59.999000064,-179.34,-184.27,4.93
65,2022-10-15 08:00:00,19176.93,19227.68,18975.18,19069.39,2022-10-16 07:59:59.999000064,-189.5,-185.31,-4.19
66,2022-10-16 08:00:00,19068.4,19425.84,19063.74,19262.98,2022-10-17 07:59:59.999000064,-179.86,-184.22,4.37
67,2022-10-17 08:00:00,19262.98,19676.96,19152.03,19549.86,2022-10-18 07:59:59.999000064,-147.37,-176.85,29.48
68,2022-10-18 08:00:00,19548.48,19706.66,19091.0,19327.44,2022-10-19 07:59:59.999000064,-137.97,-169.08,31.1
69,2022-10-19 08:00:00,19327.44,19360.16,19065.97,19123.97,2022-10-20 07:59:59.999000064,-145.28,-164.32,19.04
70,2022-10-20 08:00:00,19123.35,19347.82,18900.0,19041.92,2022-10-21 07:59:59.999000064,-155.88,-162.63,6.74
71,2022-10-21 08:00:00,19041.92,19250.0,18650.0,19164.37,2022-10-22 07:59:59.999000064,-152.65,-160.63,7.98
72,2022-10-22 08:00:00,19164.37,19257.0,19112.72,19204.35,2022-10-23 07:59:59.999000064,-145.19,-157.55,12.35
73,2022-10-23 08:00:00,19204.29,19695.0,19070.11,19570.4,2022-10-24 07:59:59.999000064,-108.49,-147.73,39.24
74,2022-10-24 08:00:00,19570.4,19601.15,19157.0,19329.72,2022-10-25 07:59:59.999000064,-97.7,-137.73,40.03
75,2022-10-25 08:00:00,19330.6,20415.87,19237.0,20080.07,2022-10-26 07:59:59.999000064,-28.28,-115.84,87.56
76,2022-10-26 08:00:00,20079.02,21020.0,20050.41,20771.59,2022-10-27 07:59:59.999000064,81.6,-76.35,157.95
77,2022-10-27 08:00:00,20771.61,20872.21,20200.0,20295.11,2022-10-28 07:59:59.999000064,128.75,-35.33,164.08
78,2022-10-28 08:00:00,20295.11,20750.0,20000.09,20591.84,2022-10-29 07:59:59.999000064,187.89,9.32,178.58
79,2022-10-29 08:00:00,20591.84,21085.0,20554.01,20809.67,2022-10-30 07:59:59.999000064,249.47,57.35,192.12
80,2022-10-30 08:00:00,20809.68,20931.21,20515.0,20627.48,2022-10-31 07:59:59.999000064,280.33,101.94,178.39
81,2022-10-31 08:00:00,20627.48,20845.92,20237.95,20490.74,2022-11-01 07:59:59.999000064,290.41,139.64,150.77
82,2022-11-01 08:00:00,20490.74,20700.0,20330.74,20483.62,2022-11-02 07:59:59.999000064,294.43,170.59,123.83
83,2022-11-02 08:00:00,20482.81,20800.0,20048.04,20151.84,2022-11-03 07:59:59.999000064,267.75,190.03,77.73
84,2022-11-03 08:00:00,20151.84,20393.32,20031.24,20207.82,2022-11-04 07:59:59.999000064,248.27,201.67,46.6
85,2022-11-04 08:00:00,20207.12,21302.05,20180.96,21148.52,2022-11-05 07:59:59.999000064,305.22,222.38,82.83
86,2022-11-05 08:00:00,21148.52,21480.65,21080.65,21299.37,2022-11-06 07:59:59.999000064,358.39,249.58,108.8
87,2022-11-06 08:00:00,21299.37,21365.27,20886.13,20905.58,2022-11-07 07:59:59.999000064,364.55,272.58,91.97
88,2022-11-07 08:00:00,20905.58,21069.77,20384.89,20591.13,2022-11-08 07:59:59.999000064,340.14,286.09,54.05
89,2022-11-08 08:00:00,20590.67,20700.88,17166.83,18547.23,2022-11-09 07:59:59.999000064,154.09,259.69,-105.6
90,2022-11-09 08:00:00,18545.38,18587.76,15588.0,15922.81,2022-11-10 07:59:59.999000064,-202.78,167.2,-369.98
91,2022-11-10 08:00:00,15922.68,18199.0,15754.26,17601.15,2022-11-11 07:59:59.999000064,-346.19,64.52,-410.71
92,2022-11-11 08:00:00,17602.45,17695.0,16361.6,17070.31,2022-11-12 07:59:59.999000064,-496.95,-47.78,-449.17
93,2022-11-12 08:00:00,17069.98,17119.1,16631.39,16812.08,2022-11-13 07:59:59.999000064,-630.0,-164.22,-465.78
94,2022-11-13 08:00:00,16813.16,16954.28,16229.0,16329.85,2022-11-14 07:59:59.999000064,-765.53,-284.48,-481.05
95,2022-11-14 08:00:00,16331.78,17190.0,15815.21,16619.46,2022-11-15 07:59:59.999000064,-839.89,-395.56,-444.33
96,2022-11-15 08:00:00,16617.72,17134.69,16527.72,16900.57,2022-11-16 07:59:59.999000064,-866.15,-489.68,-376.47
97,2022-11-16 08:00:00,16900.57,17015.92,16378.61,16662.76,2022-11-17 07:59:59.999000064,-895.83,-570.91,-324.92
98,2022-11-17 08:00:00,16661.61,16751.0,16410.74,16692.56,2022-11-18 07:59:59.999000064,-906.49,-638.03,-268.47
99,2022-11-18 08:00:00,16692.56,17011.0,16546.04,16700.45,2022-11-19 07:59:59.999000064,-903.89,-691.2,-212.69
100,2022-11-19 08:00:00,16699.43,16822.41,16553.53,16700.68,2022-11-20 07:59:59.999000064,-891.53,-731.27,-160.26
101,2022-11-20 08:00:00,16700.68,16753.33,16180.0,16280.23,2022-11-21 07:59:59.999000064,-905.23,-766.06,-139.17
102,2022-11-21 08:00:00,16279.5,16319.0,15476.0,15781.29,2022-11-22 07:59:59.999000064,-945.44,-801.93,-143.51
103,2022-11-22 08:00:00,15781.29,16315.0,15616.63,16226.94,2022-11-23 07:59:59.999000064,-930.63,-827.67,-102.95
104,2022-11-23 08:00:00,16227.96,16706.0,16160.2,16603.11,2022-11-24 07:59:59.999000064,-878.4,-837.82,-40.59
105,2022-11-24 08:00:00,16603.11,16812.63,16458.05,16598.95,2022-11-25 07:59:59.999000064,-827.81,-835.82,8.01
106,2022-11-25 08:00:00,16599.55,16666.0,16342.81,16522.14,2022-11-26 07:59:59.999000064,-784.87,-825.63,40.76
107,2022-11-26 08:00:00,16521.35,16701.99,16385.0,16458.57,2022-11-27 07:59:59.999000064,-747.35,-809.97,62.62
108,2022-11-27 08:00:00,16457.61,16600.0,16401.0,16428.78,2022-11-28 07:59:59.999000064,-711.81,-790.34,78.53
109,2022-11-28 08:00:00,16428.77,16487.04,15995.27,16212.91,2022-11-29 07:59:59.999000064,-693.08,-770.89,77.81
110,2022-11-29 08:00:00,16212.18,16548.71,16100.0,16442.53,2022-11-30 07:59:59.999000064,-652.19,-747.15,94.96
111,2022-11-30 08:00:00,16442.91,17249.0,16428.3,17163.64,2022-12-01 07:59:59.999000064,-555.19,-708.76,153.56
112,2022-12-01 08:00:00,17165.53,17324.0,16855.01,16977.37,2022-12-02 07:59:59.999000064,-487.73,-664.55,176.82
113,2022-12-02 08:00:00,16978.0,17105.73,16787.85,17092.74,2022-12-03 07:59:59.999000064,-420.12,-615.66,195.55
114,2022-12-03 08:00:00,17092.13,17188.98,16858.74,16885.2,2022-12-04 07:59:59.999000064,-378.91,-568.31,189.4
115,2022-12-04 08:00:00,16885.2,17202.84,16878.25,17105.7,2022-12-05 07:59:59.999000064,-324.72,-519.59,194.88
116,2022-12-05 08:00:00,17106.65,17424.25,16867.0,16966.35,2022-12-06 07:59:59.999000064,-289.67,-473.61,183.94
117,2022-12-06 08:00:00,16966.35,17107.01,16906.37,17088.96,2022-12-07 07:59:59.999000064,-249.14,-428.72,179.58
118,2022-12-07 08:00:00,17088.96,17142.21,16678.83,16836.64,2022-12-08 07:59:59.999000064,-234.67,-389.91,155.24
119,2022-12-08 08:00:00,16836.64,17299.0,16733.49,17224.1,2022-12-09 07:59:59.999000064,-189.75,-349.87,160.13
120,2022-12-09 08:00:00,17224.1,17360.0,17058.21,17128.56,2022-12-10 07:59:59.999000064,-160.01,-311.9,151.89
121,2022-12-10 08:00:00,17128.56,17227.72,17092.0,17127.49,2022-12-11 07:59:59.999000064,-134.98,-276.52,141.54
122,2022-12-11 08:00:00,17127.49,17270.99,17071.0,17085.05,2022-12-12 07:59:59.999000064,-117.21,-244.65,127.45
123,2022-12-12 08:00:00,17085.05,17241.89,16871.85,17209.83,2022-12-13 07:59:59.999000064,-92.0,-214.12,122.12
124,2022-12-13 08:00:00,17208.93,18000.0,17080.14,17774.7,2022-12-14 07:59:59.999000064,-26.14,-176.53,150.39
125,2022-12-14 08:00:00,17775.82,18387.95,17660.94,17803.15,2022-12-15 07:59:59.999000064,28.03,-135.62,163.64
126,2022-12-15 08:00:00,17804.01,17854.82,17275.51,17356.34,2022-12-16 07:59:59.999000064,34.5,-101.59,136.1
127,2022-12-16 08:00:00,17356.96,17531.73,16527.32,16632.12,2022-12-17 07:59:59.999000064,-18.59,-84.99,66.4
128,2022-12-17 08:00:00,16631.5,16796.82,16579.85,16776.52,2022-12-18 07:59:59.999000064,-48.45,-77.68,29.23
129,2022-12-18 08:00:00,16777.54,16863.26,16663.07,16738.21,2022-12-19 07:59:59.999000064,-74.35,-77.02,2.66
130,2022-12-19 08:00:00,16739.0,16815.99,16256.3,16438.88,2022-12-20 07:59:59.999000064,-117.68,-85.15,-32.53
131,2022-12-20 08:00:00,16438.88,17061.27,16397.2,16895.56,2022-12-21 07:59:59.999000064,-113.85,-90.89,-22.96
132,2022-12-21 08:00:00,16896.15,16925.0,16723.0,16824.67,2022-12-22 07:59:59.999000064,-115.21,-95.75,-19.46
133,2022-12-22 08:00:00,16824.68,16868.52,16559.85,16821.43,2022-12-23 07:59:59.999000064,-115.22,-99.65,-15.57
134,2022-12-23 08:00:00,16821.9,16955.14,16731.13,16778.5,2022-12-24 07:59:59.999000064,-117.34,-103.19,-14.15
135,2022-12-24 08:00:00,16778.52,16869.99,16776.62,16836.12,2022-12-25 07:59:59.999000064,-113.07,-105.16,-7.9
136,2022-12-25 08:00:00,16835.73,16857.96,16721.0,16832.11,2022-12-26 07:59:59.999000064,-108.75,-105.88,-2.87
137,2022-12-26 08:00:00,16832.11,16944.52,16791.0,16919.39,2022-12-27 07:59:59.999000064,-97.17,-104.14,6.97
138,2022-12-27 08:00:00,16919.39,16972.83,16592.37,16706.36,2022-12-28 07:59:59.999000064,-103.98,-104.11,0.13
139,2022-12-28 08:00:00,16706.06,16785.19,16465.33,16547.31,2022-12-29 07:59:59.999000064,-120.82,-107.45,-13.37
140,2022-12-29 08:00:00,16547.32,16664.41,16488.91,16633.47,2022-12-30 07:59:59.999000064,-125.76,-111.11,-14.65
141,2022-12-30 08:00:00,16633.47,16677.35,16333.0,16607.48,2022-12-31 07:59:59.999000064,-130.27,-114.94,-15.33
142,2022-12-31 08:00:00,16607.48,16644.09,16470.0,16542.4,2023-01-01 07:59:59.999000064,-137.52,-119.46,-18.06
143,2023-01-01 08:00:00,16541.77,16628.0,16499.01,16616.75,2023-01-02 07:59:59.999000064,-135.69,-122.7,-12.99
144,2023-01-02 08:00:00,16617.17,16799.23,16548.7,16672.87,2023-01-03 07:59:59.999000064,-128.24,-123.81,-4.43
145,2023-01-03 08:00:00,16672.78,16778.4,16605.28,16675.18,2023-01-04 07:59:59.999000064,-120.76,-123.2,2.44
146,2023-01-04 08:00:00,16675.65,16991.87,16652.66,16850.36,2023-01-05 07:59:59.999000064,-99.54,-118.47,18.93
147,2023-01-05 08:00:00,16850.36,16879.82,16753.0,16831.85,2023-01-06 07:59:59.999000064,-83.26,-111.43,28.16
148,2023-01-06 08:00:00,16831.85,17041.0,16679.0,16950.65,2023-01-07 07:59:59.999000064,-60.08,-101.16,41.08
149,2023-01-07 08:00:00,16950.31,16981.91,16908.0,16943.57,2023-01-08 07:59:59.999000064,-41.8,-89.29,47.48
150,2023-01-08 08:00:00,16943.83,17176.99,16911.0,17127.83,2023-01-09 07:59:59.999000064,-12.3,-73.89,61.59
151,2023-01-09 08:00:00,17127.83,17398.8,17104.66,17178.26,2023-01-10 07:59:59.999000064,14.97,-56.12,71.09
152,2023-01-10 08:00:00,17179.04,17499.0,17146.34,17440.66,2023-01-11 07:59:59.999000064,57.1,-33.48,90.57
153,2023-01-11 08:00:00,17440.64,18000.0,17315.6,17943.26,2023-01-12 07:59:59.999000064,129.55,-0.87,130.42
154,2023-01-12 08:00:00,17943.26,19117.04,17892.05,18846.62,2023-01-13 07:59:59.999000064,256.9,50.68,206.22
155,2023-01-13 08:00:00,18846.62,20000.0,18714.12,19930.01,2023-01-14 07:59:59.999000064,440.17,128.58,311.59
156,2023-01-14 08:00:00,19930.01,21258.0,19888.05,20954.92,2023-01-15 07:59:59.999000064,660.5,234.97,425.54
157,2023-01-15 08:00:00,20952.76,21050.74,20551.01,20871.5,2023-01-16 07:59:59.999000064,818.95,351.76,467.19
158,2023-01-16 08:00:00,20872.99,21474.05,20611.48,21185.65,2023-01-17 07:59:59.999000064,958.81,473.17,485.64
159,2023-01-17 08:00:00,21185.65,21647.45,20841.31,21134.81,2023-01-18 07:59:59.999000064,1053.41,589.22,464.19
160,2023-01-18 08:00:00,21132.29,21650.0,20407.15,20677.47,2023-01-19 07:59:59.999000064,1079.04,687.18,391.85
161,2023-01-19 08:00:00,20677.47,21192.0,20659.19,21071.59,2023-01-20 07:59:59.999000064,1118.26,773.4,344.86
162,2023-01-20 08:00:00,21071.59,22755.93,20861.28,22667.21,2023-01-21 07:59:59.999000064,1263.53,871.42,392.11
163,2023-01-21 08:00:00,22666.0,23371.8,22422.0,22783.55,2023-01-22 07:59:59.999000064,1372.23,971.59,400.64
164,2023-01-22 08:00:00,22783.35,23078.71,22292.37,22707.88,2023-01-23 07:59:59.999000064,1435.72,1064.41,371.3
165,2023-01-23 08:00:00,22706.02,23180.0,22500.0,22916.45,2023-01-24 07:59:59.999000064,1485.73,1148.68,337.06
166,2023-01-24 08:00:00,22917.81,23162.2,22462.93,22632.89,2023-01-25 07:59:59.999000064,1485.37,1216.01,269.36
167,2023-01-25 08:00:00,22631.94,23816.73,22300.0,23060.94,2023-01-26 07:59:59.999000064,1502.3,1273.27,229.03
168,2023-01-26 08:00:00,23060.42,23282.47,22850.01,23009.65,2023-01-27 07:59:59.999000064,1494.36,1317.49,176.87
169,2023-01-27 08:00:00,23009.65,23500.0,22534.88,23074.16,2023-01-28 07:59:59.999000064,1476.25,1349.24,127.01
170,2023-01-28 08:00:00,23074.16,23189.0,22878.46,23022.6,2023-01-29 07:59:59.999000064,1441.13,1367.62,73.51
171,2023-01-29 08:00:00,23021.4,23960.54,22967.76,23742.3,2023-01-30 07:59:59.999000064,1454.6,1385.02,69.58
172,2023-01-30 08:00:00,23743.37,23800.51,22500.0,22826.15,2023-01-31 07:59:59.999000064,1375.49,1383.11,-7.62
173,2023-01-31 08:00:00,22827.38,23320.0,22714.77,23125.13,2023-02-01 07:59:59.999000064,1321.69,1370.83,-49.14
174,2023-02-01 08:00:00,23125.13,23812.66,22760.23,23732.66,2023-02-02 07:59:59.999000064,1312.94,1359.25,-46.31
175,2023-02-02 08:00:00,23731.41,24255.0,23363.27,23488.94,2023-02-03 07:59:59.999000064,1271.68,1341.74,-70.06
176,2023-02-03 08:00:00,23489.33,23715.7,23204.62,23431.9,2023-02-04 07:59:59.999000064,1220.31,1317.45,-97.14
177,2023-02-04 08:00:00,23431.9,23587.78,23253.96,23326.84,2023-02-05 07:59:59.999000064,1157.78,1285.52,-127.74
178,2023-02-05 08:00:00,23327.66,23433.33,22743.0,22932.91,2023-02-06 07:59:59.999000064,1064.16,1241.25,-177.08
179,2023-02-06 08:00:00,22932.91,23158.25,22628.13,22762.52,2023-02-07 07:59:59.999000064,965.1,1186.02,-220.92
180,2023-02-07 08:00:00,22762.52,23350.25,22745.78,23240.46,2023-02-08 07:59:59.999000064,914.62,1131.74,-217.12
181,2023-02-08 08:00:00,23242.42,23452.0,22665.85,22963.0,2023-02-09 07:59:59.999000064,842.51,1073.89,-231.38
182,2023-02-09 08:00:00,22961.85,23011.39,21688.0,21796.35,2023-02-10 07:59:59.999000064,683.34,995.78,-312.44
183,2023-02-10 08:00:00,21797.83,21938.16,21451.0,21625.19,2023-02-11 07:59:59.999000064,537.2,904.06,-366.87
184,2023-02-11 08:00:00,21625.19,21906.32,21599.78,21862.55,2023-02-12 07:59:59.999000064,435.51,810.35,-374.84
185,2023-02-12 08:00:00,21862.02,22090.0,21630.0,21783.54,2023-02-13 07:59:59.999000064,344.58,717.2,-372.62
186,2023-02-13 08:00:00,21782.37,21894.99,21351.07,21773.97,2023-02-14 07:59:59.999000064,268.64,627.49,-358.84
187,2023-02-14 08:00:00,21774.63,22319.08,21532.77,22199.84,2023-02-15 07:59:59.999000064,240.06,550.0,-309.94
188,2023-02-15 08:00:00,22199.84,24380.0,22047.28,24324.05,2023-02-16 07:59:59.999000064,384.38,516.88,-132.49
189,2023-02-16 08:00:00,24322.87,25250.0,23505.25,23517.72,2023-02-17 07:59:59.999000064,428.75,499.25,-70.5
190,2023-02-17 08:00:00,23517.72,25021.11,23339.37,24569.97,2023-02-18 07:59:59.999000064,542.57,507.92,34.65
191,2023-02-18 08:00:00,24568.24,24877.0,24430.0,24631.95,2023-02-19 07:59:59.999000064,630.51,532.44,98.07
192,2023-02-19 08:00:00,24632.05,25192.0,24192.57,24271.76,2023-02-20 07:59:59.999000064,663.48,558.64,104.84
193,2023-02-20 08:00:00,24272.51,25121.23,23840.83,24842.2,2023-02-21 07:59:59.999000064,727.26,592.37,134.89
194,2023-02-21 08:00:00,24843.89,25250.0,24148.34,24452.16,2023-02-22 07:59:59.999000064,737.83,621.46,116.37
195,2023-02-22 08:00:00,24450.67,24476.05,23574.69,24182.21,2023-02-23 07:59:59.999000064,716.17,640.4,75.77
196,2023-02-23 08:00:00,24182.21,24599.59,23608.0,23940.2,2023-02-24 07:59:59.999000064,671.73,646.67,25.06
197,2023-02-24 08:00:00,23940.2,24132.35,22841.19,23185.29,2023-02-25 07:59:59.999000064,569.03,631.14,-62.11
198,2023-02-25 08:00:00,23184.04,23219.13,22722.0,23157.07,2023-02-26 07:59:59.999000064,479.84,600.88,-121.04
199,2023-02-26 08:00:00,23157.07,23689.99,23059.18,23554.85,2023-02-27 07:59:59.999000064,436.22,567.95,-131.73
200,2023-02-27 08:00:00,23554.85,23897.99,23106.77,23492.09,2023-02-28 07:59:59.999000064,392.07,532.77,-140.7
201,2023-02-28 08:00:00,23492.09,23600.0,23020.97,23141.57,2023-03-01 07:59:59.999000064,325.05,491.23,-166.18
202,2023-03-01 08:00:00,23141.57,24000.0,23020.03,23628.97,2023-03-02 07:59:59.999000064,307.72,454.53,-146.81
203,2023-03-02 08:00:00,23629.76,23796.93,23195.9,23465.32,2023-03-03 07:59:59.999000064,277.58,419.14,-141.56
204,2023-03-03 08:00:00,23465.32,23476.95,21971.13,22354.34,2023-03-04 07:59:59.999000064,162.17,367.75,-205.57
205,2023-03-04 08:00:00,22354.34,22410.0,22157.08,22346.57,2023-03-05 07:59:59.999000064,69.29,308.05,-238.76
206,2023-03-05 08:00:00,22346.57,22662.09,22189.22,22430.24,2023-03-06 07:59:59.999000064,2.4,246.92,-244.52
207,2023-03-06 08:00:00,22430.24,22602.19,22258.0,22410.0,2023-03-07 07:59:59.999000064,-51.64,187.21,-238.85
208,2023-03-07 08:00:00,22409.41,22557.91,21927.0,22197.96,2023-03-08 07:59:59.999000064,-110.31,127.71,-238.02
209,2023-03-08 08:00:00,22198.56,22287.0,21580.0,21705.44,2023-03-09 07:59:59.999000064,-194.31,63.3,-257.61
210,2023-03-09 08:00:00,21704.37,21834.99,20042.72,20362.22,2023-03-10 07:59:59.999000064,-365.06,-22.37,-342.69
211,2023-03-10 08:00:00,20362.21,20367.78,19549.09,20150.69,2023-03-11 07:59:59.999000064,-511.55,-120.21,-391.35
212,2023-03-11 08:00:00,20150.69,20686.51,19765.03,20455.73,2023-03-12 07:59:59.999000064,-596.16,-215.4,-380.76
213,2023-03-12 08:00:00,20455.73,22150.0,20270.6,21997.11,2023-03-13 07:59:59.999000064,-532.7,-278.86,-253.84
214,2023-03-13 08:00:00,21998.05,24500.0,21813.88,24113.48,2023-03-14 07:59:59.999000064,-308.08,-284.7,-23.38
215,2023-03-14 08:00:00,24112.27,26386.87,23976.42,24670.41,2023-03-15 07:59:59.999000064,-84.15,-244.59,160.44
216,2023-03-15 08:00:00,24670.41,25196.97,23896.95,24285.66,2023-03-16 07:59:59.999000064,61.55,-183.36,244.91
217,2023-03-16 08:00:00,24285.66,25167.4,24123.0,24998.78,2023-03-17 07:59:59.999000064,231.89,-100.31,332.2
218,2023-03-17 08:00:00,24998.78,27756.84,24890.0,27395.13,2023-03-18 07:59:59.999000064,553.87,30.52,523.35
219,2023-03-18 08:00:00,27395.13,27724.85,26578.0,26907.49,2023-03-19 07:59:59.999000064,760.92,176.6,584.32
220,2023-03-19 08:00:00,26907.49,28390.1,26827.22,27972.87,2023-03-20 07:59:59.999000064,999.46,341.17,658.28
221,2023-03-20 08:00:00,27972.87,28472.0,27124.47,27717.01,2023-03-21 07:59:59.999000064,1154.54,503.85,650.69
222,2023-03-21 08:00:00,27717.01,28438.55,27303.1,28105.47,2023-03-22 07:59:59.999000064,1293.88,661.85,632.02
223,2023-03-22 08:00:00,28107.81,28868.05,26601.8,27250.97,2023-03-23 07:59:59.999000064,1320.14,793.51,526.63
224,2023-03-23 08:00:00,27250.97,28750.0,27105.0,28295.41,2023-03-24 07:59:59.999000064,1408.98,916.6,492.38
225,2023-03-24 08:00:00,28295.42,28374.3,27000.0,27454.47,2023-03-25 07:59:59.999000064,1395.45,1012.37,383.07
226,2023-03-25 08:00:00,27454.46,27787.33,27156.09,27462.95,2023-03-26 07:59:59.999000064,1369.62,1083.82,285.8
227,2023-03-26 08:00:00,27462.96,28194.4,27417.76,27968.05,2023-03-27 07:59:59.999000064,1374.07,1141.87,232.2
228,2023-03-27 08:00:00,27968.05,28023.86,26508.14,27124.91,2023-03-28 07:59:59.999000064,1294.63,1172.42,122.21
229,2023-03-28 08:00:00,27124.9,27520.0,26631.78,27261.07,2023-03-29 07:59:59.999000064,1228.51,1183.64,44.87
230,2023-03-29 08:00:00,27261.06,28650.0,27240.1,28348.6,2023-03-30 07:59:59.999000064,1249.46,1196.8,52.65
231,2023-03-30 08:00:00,28348.6,29184.68,27686.0,28028.53,2023-03-31 07:59:59.999000064,1226.1,1202.66,23.43
232,2023-03-31 08:00:00,28028.53,28656.69,27511.71,28465.36,2023-04-01 07:59:59.999000064,1228.67,1207.86,20.8
233,2023-04-01 08:00:00,28465.36,28819.71,28220.27,28452.73,2023-04-02 07:59:59.999000064,1215.67,1209.43,6.25
234,2023-04-02 08:00:00,28452.74,28530.0,27856.43,28171.87,2023-04-03 07:59:59.999000064,1169.23,1201.39,-32.15
235,2023-04-03 08:00:00,28171.87,28500.99,27200.24,27800.0,2023-04-04 07:59:59.999000064,1089.86,1179.08,-89.22
236,2023-04-04 08:00:00,27800.0,28444.44,27662.79,28165.47,2023-04-05 07:59:59.999000064,1044.41,1152.15,-107.74
237,2023-04-05 08:00:00,28165.47,28775.0,27805.1,28170.01,2023-04-06 07:59:59.999000064,997.26,1121.17,-123.91
238,2023-04-06 08:00:00,28170.01,28182.05,27711.0,28033.82,2023-04-07 07:59:59.999000064,938.09,1084.55,-146.47
239,2023-04-07 08:00:00,28033.83,28100.0,27766.94,27906.33,2023-04-08 07:59:59.999000064,870.87,1041.82,-170.95
240,2023-04-08 08:00:00,27906.34,28154.99,27859.02,27938.38,2023-04-09 07:59:59.999000064,810.83,995.62,-184.79
241,2023-04-09 08:00:00,27938.38,28530.0,27800.0,28323.76,2023-04-10 07:59:59.999000064,785.3,953.56,-168.25
242,2023-04-10 08:00:00,28323.76,29770.0,28170.0,29637.34,2023-04-11 07:59:59.999000064,861.14,935.07,-73.94
243,2023-04-11 08:00:00,29637.35,30550.0,29590.0,30200.42,2023-04-12 07:59:59.999000064,955.66,939.19,16.47
244,2023-04-12 08:00:00,30200.43,30486.0,29637.4,29888.07,2023-04-13 07:59:59.999000064,993.9,950.13,43.77
245,2023-04-13 08:00:00,29888.07,30595.0,29854.59,30373.84,2023-04-14 07:59:59.999000064,1051.29,970.36,80.93
246,2023-04-14 08:00:00,30373.84,31000.0,29966.0,30466.93,2023-04-15 07:59:59.999000064,1091.7,994.63,97.07
247,2023-04-15 08:00:00,30466.93,30595.6,30202.0,30295.09,2023-04-16 07:59:59.999000064,1097.21,1015.15,82.06
248,2023-04-16 08:00:00,30295.1,30549.99,30120.0,30304.65,2023-04-17 07:59:59.999000064,1089.78,1030.07,59.71
249,2023-04-17 08:00:00,30304.66,30316.06,29240.65,29430.27,2023-04-18 07:59:59.999000064,1001.8,1024.42,-22.62
250,2023-04-18 08:00:00,29430.27,30485.0,29096.78,30380.01,2023-04-19 07:59:59.999000064,997.21,1018.98,-21.77
251,2023-04-19 08:00:00,30380.01,30413.53,28520.0,28797.1,2023-04-20 07:59:59.999000064,855.98,986.38,-130.4
252,2023-04-20 08:00:00,28797.1,29088.3,28010.0,28243.65,2023-04-21 07:59:59.999000064,691.42,927.38,-235.97
253,2023-04-21 08:00:00,28243.65,28374.02,27125.0,27262.84,2023-04-22 07:59:59.999000064,476.37,837.18,-360.81
254,2023-04-22 08:00:00,27262.84,27882.72,27140.35,27816.85,2023-04-23 07:59:59.999000064,346.65,739.08,-392.42
255,2023-04-23 08:00:00,27816.85,27816.85,27311.25,27590.6,2023-04-24 07:59:59.999000064,223.02,635.87,-412.84
256,2023-04-24 08:00:00,27590.59,28000.0,26942.82,27510.93,2023-04-25 07:59:59.999000064,117.27,532.15,-414.88
257,2023-04-25 08:00:00,27510.93,28399.99,27192.0,28300.79,2023-04-26 07:59:59.999000064,96.08,444.93,-348.85
258,2023-04-26 08:00:00,28300.8,30036.0,27235.0,28415.29,2023-04-27 07:59:59.999000064,87.52,373.45,-285.93
259,2023-04-27 08:00:00,28415.29,29890.0,28378.86,29472.77,2023-04-28 07:59:59.999000064,164.17,331.59,-167.42
260,2023-04-28 08:00:00,29472.77,29599.54,28891.0,29311.7,2023-04-29 07:59:59.999000064,209.51,307.18,-97.67
261,2023-04-29 08:00:00,29311.69,29448.88,29031.0,29230.45,2023-04-30 07:59:59.999000064,236.16,292.97,-56.81
262,2023-04-30 08:00:00,29230.45,29969.39,29079.59,29233.21,2023-05-01 07:59:59.999000064,254.57,285.29,-30.72
263,2023-05-01 08:00:00,29233.2,29337.34,27666.95,28068.26,2023-05-02 07:59:59.999000064,173.16,262.87,-89.71
264,2023-05-02 08:00:00,28068.26,28879.88,27872.0,28669.86,2023-05-03 07:59:59.999000064,155.4,241.37,-85.98
265,2023-05-03 08:00:00,28669.85,29266.66,28113.69,29026.16,2023-05-04 07:59:59.999000064,168.13,226.72,-58.59
266,2023-05-04 08:00:00,29026.16,29379.83,28663.64,28838.16,2023-05-05 07:59:59.999000064,161.2,213.62,-52.42
267,2023-05-05 08:00:00,28838.16,29677.0,28800.0,29505.61,2023-05-06 07:59:59.999000064,207.17,212.33,-5.16
268,2023-05-06 08:00:00,29505.6,29820.0,28300.0,28848.2,2023-05-07 07:59:59.999000064,188.38,207.54,-19.16
269,2023-05-07 08:00:00,28848.19,29138.29,28395.23,28430.1,2023-05-08 07:59:59.999000064,138.16,193.66,-55.5
270,2023-05-08 08:00:00,28430.09,28631.01,27262.0,27668.79,2023-05-09 07:59:59.999000064,36.51,162.23,-125.72
271,2023-05-09 08:00:00,27668.8,27818.0,27353.0,27628.27,2023-05-10 07:59:59.999000064,-46.77,120.43,-167.21
272,2023-05-10 08:00:00,27628.28,28331.42,26777.0,27598.75,2023-05-11 07:59:59.999000064,-113.85,73.58,-187.43
273,2023-05-11 08:00:00,27598.74,27630.14,26702.05,26968.62,2023-05-12 07:59:59.999000064,-215.37,15.79,-231.16
274,2023-05-12 08:00:00,26968.61,27091.12,25811.46,26795.01,2023-05-13 07:59:59.999000064,-306.31,-48.63,-257.68
275,2023-05-13 08:00:00,26795.01,27045.45,26692.03,26775.28,2023-05-14 07:59:59.999000064,-375.64,-114.03,-261.6
276,2023-05-14 08:00:00,26775.27,27200.0,26560.53,26917.62,2023-05-15 07:59:59.999000064,-414.32,-174.09,-240.23
277,2023-05-15 08:00:00,26917.61,27663.59,26726.0,27162.14,2023-05-16 07:59:59.999000064,-420.4,-223.35,-197.05
278,2023-05-16 08:00:00,27162.15,27296.89,26852.11,27033.84,2023-05-17 07:59:59.999000064,-430.6,-264.8,-165.8
279,2023-05-17 08:00:00,27033.85,27500.0,26544.71,27405.61,2023-05-18 07:59:59.999000064,-404.04,-292.65,-111.39
280,2023-05-18 08:00:00,27405.62,27485.33,26361.2,26821.28,2023-05-19 07:59:59.999000064,-425.23,-319.17,-106.06
281,2023-05-19 08:00:00,26821.28,27183.6,26630.0,26880.26,2023-05-20 07:59:59.999000064,-432.28,-341.79,-90.5
282,2023-05-20 08:00:00,26880.26,27150.0,26825.11,27102.43,2023-05-21 07:59:59.999000064,-415.16,-356.46,-58.7
283,2023-05-21 08:00:00,27102.42,27277.55,26666.03,26747.78,2023-05-22 07:59:59.999000064,-425.31,-370.23,-55.07
284,2023-05-22 08:00:00,26747.78,27099.89,26538.21,26849.27,2023-05-23 07:59:59.999000064,-420.31,-380.25,-40.06
285,2023-05-23 08:00:00,26849.28,27495.83,26798.11,27219.61,2023-05-24 07:59:59.999000064,-382.07,-380.61,-1.45
286,2023-05-24 08:00:00,27219.61,27219.61,26080.5,26329.01,2023-05-25 07:59:59.999000064,-418.79,-388.25,-30.54
287,2023-05-25 08:00:00,26329.0,26631.98,25871.89,26473.79,2023-05-26 07:59:59.999000064,-431.24,-396.85,-34.4
288,2023-05-26 08:00:00,26473.8,26932.16,26327.24,26705.92,2023-05-27 07:59:59.999000064,-417.57,-400.99,-16.58
289,2023-05-27 08:00:00,26705.93,26895.0,26551.0,26854.27,2023-05-28 07:59:59.999000064,-390.26,-398.84,8.58
290,2023-05-28 08:00:00,26854.28,28261.32,26764.36,28065.0,2023-05-29 07:59:59.999000064,-267.84,-372.64,104.81
291,2023-05-29 08:00:00,28065.01,28447.14,27524.6,27736.4,2023-05-30 07:59:59.999000064,-195.08,-337.13,142.05
292,2023-05-30 08:00:00,27736.39,28038.59,27554.0,27694.4,2023-05-31 07:59:59.999000064,-139.2,-297.55,158.34
293,2023-05-31 08:00:00,27694.39,27835.51,26839.01,27210.35,2023-06-01 07:59:59.999000064,-132.46,-264.53,132.07
294,2023-06-01 08:00:00,27210.36,27350.0,26605.05,26817.93,2023-06-02 07:59:59.999000064,-156.96,-243.01,86.05
295,2023-06-02 08:00:00,26817.93,27300.0,26505.0,27242.59,2023-06-03 07:59:59.999000064,-140.5,-222.51,82.01
296,2023-06-03 08:00:00,27242.59,27333.29,26914.93,27069.22,2023-06-04 07:59:59.999000064,-139.83,-205.97,66.15
297,2023-06-04 08:00:00,27069.22,27455.02,26951.0,27115.21,2023-06-05 07:59:59.999000064,-134.04,-191.59,57.55
298,2023-06-05 08:00:00,27115.2,27129.33,25388.0,25728.2,2023-06-06 07:59:59.999000064,-238.62,-200.99,-37.63
299,2023-06-06 08:00:00,25728.2,26111.15,25351.02,25938.24,2023-06-07 07:59:59.999000064,-301.09,-221.01,-80.07
