,Open Time,open,high,low,close,Close Time
0,2023-05-12 00:00:00,26968.61,27042.96,26922.54,27033.78,2023-05-12 00:59:59.999000064
1,2023-05-12 01:00:00,27033.78,27091.12,26850.0,26878.48,2023-05-12 01:59:59.999000064
2,2023-05-12 02:00:00,26878.48,26889.99,26539.28,26646.7,2023-05-12 02:59:59.999000064
3,2023-05-12 03:00:00,26646.7,26707.96,26528.01,26584.32,2023-05-12 03:59:59.999000064
4,2023-05-12 04:00:00,26584.33,26710.0,26513.18,26654.19,2023-05-12 04:59:59.999000064
5,2023-05-12 05:00:00,26654.19,26667.89,26177.0,26276.67,2023-05-12 05:59:59.999000064
6,2023-05-12 06:00:00,26276.68,26318.62,26120.74,26299.75,2023-05-12 06:59:59.999000064
7,2023-05-12 07:00:00,26299.74,26390.14,26265.18,26311.52,2023-05-12 07:59:59.999000064
8,2023-05-12 08:00:00,26311.51,26374.99,26234.79,26289.12,2023-05-12 08:59:59.999000064
9,2023-05-12 09:00:00,26289.12,26437.0,26289.12,26380.93,2023-05-12 09:59:59.999000064
10,2023-05-12 10:00:00,26380.92,26430.22,26334.17,26343.27,2023-05-12 10:59:59.999000064
11,2023-05-12 11:00:00,26343.28,26423.26,26322.01,26348.01,2023-05-12 11:59:59.999000064
12,2023-05-12 12:00:00,26348.02,26486.48,26324.02,26412.22,2023-05-12 12:59:59.999000064
13,2023-05-12 13:00:00,26412.23,26556.96,26358.89,26450.0,2023-05-12 13:59:59.999000064
14,2023-05-12 14:00:00,26450.0,26614.67,26292.1,26313.85,2023-05-12 14:59:59.999000064
15,2023-05-12 15:00:00,26313.84,26394.8,26271.65,26320.84,2023-05-12 15:59:59.999000064
16,2023-05-12 16:00:00,26320.83,26408.19,26241.07,26290.98,2023-05-12 16:59:59.999000064
17,2023-05-12 17:00:00,26290.99,26403.49,26277.21,26304.49,2023-05-12 17:59:59.999000064
18,2023-05-12 18:00:00,26304.48,26365.7,26299.29,26299.3,2023-05-12 18:59:59.999000064
19,2023-05-12 19:00:00,26299.29,26500.0,25811.46,26459.62,2023-05-12 19:59:59.999000064
20,2023-05-12 20:00:00,26459.63,26500.0,26360.85,26438.42,2023-05-12 20:59:59.999000064
21,2023-05-12 21:00:00,26438.42,26810.58,26438.41,26750.09,2023-05-12 21:59:59.999000064
22,2023-05-12 22:00:00,26750.1,26894.9,26637.42,26684.77,2023-05-12 22:59:59.999000064
23,2023-05-12 23:00:00,26684.78,26806.5,26657.04,26795.01,2023-05-12 23:59:59.999000064
24,2023-05-13 00:00:00,26795.01,26850.0,26692.03,26838.99,2023-05-13 00:59:59.999000064
25,2023-05-13 01:00:00,26838.99,26983.98,26785.66,26827.2,2023-05-13 01:59:59.999000064
26,2023-05-13 02:00:00,26827.2,26840.0,26764.17,26779.94,2023-05-13 02:59:59.999000064
27,2023-05-13 03:00:00,26779.95,26855.23,26772.58,26808.27,2023-05-13 03:59:59.999000064
28,2023-05-13 04:00:00,26808.27,26845.59,26752.83,26797.75,2023-05-13 04:59:59.999000064
29,2023-05-13 05:00:00,26797.75,26870.19,26737.59,26741.03,2023-05-13 05:59:59.999000064
30,2023-05-13 06:00:00,26741.02,26766.84,26712.87,26731.59,2023-05-13 06:59:59.999000064
31,2023-05-13 07:00:00,26731.58,26796.1,26695.41,26771.88,2023-05-13 07:59:59.999000064
32,2023-05-13 08:00:00,26771.87,26815.03,26746.53,26799.73,2023-05-13 08:59:59.999000064
33,2023-05-13 09:00:00,26799.74,26849.81,26790.0,26842.05,2023-05-13 09:59:59.999000064
34,2023-05-13 10:00:00,26842.05,26877.0,26765.61,26830.69,2023-05-13 10:59:59.999000064
35,2023-05-13 11:00:00,26830.68,26863.0,26796.92,26823.94,2023-05-13 11:59:59.999000064
36,2023-05-13 12:00:00,26823.93,26904.98,26763.51,26824.6,2023-05-13 12:59:59.999000064
37,2023-05-13 13:00:00,26824.6,26888.68,26782.58,26821.38,2023-05-13 13:59:59.999000064
38,2023-05-13 14:00:00,26821.38,26847.36,26736.0,26789.12,2023-05-13 14:59:59.999000064
39,2023-05-13 15:00:00,26789.12,26822.79,26760.69,26816.25,2023-05-13 15:59:59.999000064
40,2023-05-13 16:00:00,26816.25,26834.02,26782.29,26822.8,2023-05-13 16:59:59.999000064
41,2023-05-13 17:00:00,26822.8,26848.02,26792.53,26812.32,2023-05-13 17:59:59.999000064
42,2023-05-13 18:00:00,26812.31,27045.45,26757.32,26785.0,2023-05-13 18:59:59.999000064
43,2023-05-13 19:00:00,26785.0,26958.13,26770.73,26837.94,2023-05-13 19:59:59.999000064
44,2023-05-13 20:00:00,26837.93,26922.21,26836.71,26904.86,2023-05-13 20:59:59.999000064
45,2023-05-13 21:00:00,26904.86,26939.4,26853.3,26862.56,2023-05-13 21:59:59.999000064
46,2023-05-13 22:00:00,26862.55,26899.67,26839.88,26889.94,2023-05-13 22:59:59.999000064
47,2023-05-13 23:00:00,26889.95,26929.08,26750.0,26775.28,2023-05-13 23:59:59.999000064
48,2023-05-14 00:00:00,26775.27,26811.65,26560.53,26741.31,2023-05-14 00:59:59.999000064
49,2023-05-14 01:00:00,26741.31,26751.96,26635.65,26730.0,2023-05-14 01:59:59.999000064
50,2023-05-14 02:00:00,26729.99,26839.73,26720.97,26810.64,2023-05-14 02:59:59.999000064
51,2023-05-14 03:00:00,26810.64,26874.42,26784.47,26865.03,2023-05-14 03:59:59.999000064
52,2023-05-14 04:00:00,26865.04,26876.94,26793.53,26825.87,2023-05-14 04:59:59.999000064
53,2023-05-14 05:00:00,26825.88,26849.89,26802.82,26828.49,2023-05-14 05:59:59.999000064
54,2023-05-14 06:00:00,26828.49,26898.87,26822.97,26843.29,2023-05-14 06:59:59.999000064
55,2023-05-14 07:00:00,26843.29,26873.66,26828.67,26855.21,2023-05-14 07:59:59.999000064
56,2023-05-14 08:00:00,26855.22,26886.73,26829.98,26845.53,2023-05-14 08:59:59.999000064
57,2023-05-14 09:00:00,26845.53,26868.73,26808.81,26842.53,2023-05-14 09:59:59.999000064
58,2023-05-14 10:00:00,26842.53,26849.97,26814.35,26827.07,2023-05-14 10:59:59.999000064
59,2023-05-14 11:00:00,26827.07,26829.26,26790.02,26805.98,2023-05-14 11:59:59.999000064
60,2023-05-14 12:00:00,26805.97,26880.0,26744.7,26871.33,2023-05-14 12:59:59.999000064
61,2023-05-14 13:00:00,26871.32,26929.99,26819.12,26912.42,2023-05-14 13:59:59.999000064
62,2023-05-14 14:00:00,26912.41,26977.0,26850.11,26963.41,2023-05-14 14:59:59.999000064
63,2023-05-14 15:00:00,26963.42,27200.0,26960.98,27082.02,2023-05-14 15:59:59.999000064
64,2023-05-14 16:00:00,27082.01,27135.04,26925.17,26958.7,2023-05-14 16:59:59.999000064
65,2023-05-14 17:00:00,26958.69,26982.02,26866.09,26940.72,2023-05-14 17:59:59.999000064
66,2023-05-14 18:00:00,26940.71,26953.49,26856.0,26920.72,2023-05-14 18:59:59.999000064
67,2023-05-14 19:00:00,26920.72,26939.35,26827.23,26878.97,2023-05-14 19:59:59.999000064
68,2023-05-14 20:00:00,26878.96,26961.55,26842.57,26942.55,2023-05-14 20:59:59.999000064
69,2023-05-14 21:00:00,26942.55,26957.93,26882.03,26906.62,2023-05-14 21:59:59.999000064
70,2023-05-14 22:00:00,26906.62,26943.63,26870.42,26900.79,2023-05-14 22:59:59.999000064
71,2023-05-14 23:00:00,26900.79,26928.53,26854.19,26917.62,2023-05-14 23:59:59.999000064
72,2023-05-15 00:00:00,26917.61,26931.24,26726.0,26800.25,2023-05-15 00:59:59.999000064
73,2023-05-15 01:00:00,26800.25,27290.93,26780.0,27208.38,2023-05-15 01:59:59.999000064
74,2023-05-15 02:00:00,27208.38,27253.52,27122.21,27162.07,2023-05-15 02:59:59.999000064
75,2023-05-15 03:00:00,27162.07,27259.72,27161.0,27232.8,2023-05-15 03:59:59.999000064
76,2023-05-15 04:00:00,27232.8,27300.0,27180.01,27289.04,2023-05-15 04:59:59.999000064
77,2023-05-15 05:00:00,27289.03,27380.0,27235.34,27335.52,2023-05-15 05:59:59.999000064
78,2023-05-15 06:00:00,27335.52,27550.03,27312.38,27475.63,2023-05-15 06:59:59.999000064
79,2023-05-15 07:00:00,27475.64,27498.02,27387.53,27407.48,2023-05-15 07:59:59.999000064
80,2023-05-15 08:00:00,27407.47,27448.0,27385.8,27434.67,2023-05-15 08:59:59.999000064
81,2023-05-15 09:00:00,27434.67,27485.5,27335.0,27390.5,2023-05-15 09:59:59.999000064
82,2023-05-15 10:00:00,27390.51,27450.19,27351.01,27416.61,2023-05-15 10:59:59.999000064
83,2023-05-15 11:00:00,27416.61,27454.66,27315.55,27336.12,2023-05-15 11:59:59.999000064
84,2023-05-15 12:00:00,27336.12,27411.99,27330.8,27395.73,2023-05-15 12:59:59.999000064
85,2023-05-15 13:00:00,27395.72,27450.0,27347.37,27374.25,2023-05-15 13:59:59.999000064
86,2023-05-15 14:00:00,27374.25,27534.0,27221.2,27404.71,2023-05-15 14:59:59.999000064
87,2023-05-15 15:00:00,27404.71,27448.52,27366.12,27396.8,2023-05-15 15:59:59.999000064
88,2023-05-15 16:00:00,27396.81,27586.0,27366.53,27482.65,2023-05-15 16:59:59.999000064
89,2023-05-15 17:00:00,27482.66,27663.59,27416.53,27506.41,2023-05-15 17:59:59.999000064
90,2023-05-15 18:00:00,27506.42,27525.59,27381.47,27431.88,2023-05-15 18:59:59.999000064
91,2023-05-15 19:00:00,27431.88,27443.8,27317.9,27418.24,2023-05-15 19:59:59.999000064
92,2023-05-15 20:00:00,27418.24,27418.24,27331.66,27346.3,2023-05-15 20:59:59.999000064
93,2023-05-15 21:00:00,27346.31,27386.05,27315.95,27362.45,2023-05-15 21:59:59.999000064
94,2023-05-15 22:00:00,27362.45,27368.0,27250.26,27310.17,2023-05-15 22:59:59.999000064
95,2023-05-15 23:00:00,27310.16,27317.79,27126.73,27162.14,2023-05-15 23:59:59.999000064
96,2023-05-16 00:00:00,27162.15,27296.89,27082.99,27205.57,2023-05-16 00:59:59.999000064
97,2023-05-16 01:00:00,27205.56,27252.17,26852.11,27024.64,2023-05-16 01:59:59.999000064
98,2023-05-16 02:00:00,27024.64,27089.0,26976.61,27080.49,2023-05-16 02:59:59.999000064
99,2023-05-16 03:00:00,27080.49,27145.3,27061.66,27130.0,2023-05-16 03:59:59.999000064
100,2023-05-16 04:00:00,27130.02,27145.88,27080.0,27114.73,2023-05-16 04:59:59.999000064
101,2023-05-16 05:00:00,27114.74,27157.86,27033.69,27061.55,2023-05-16 05:59:59.999000064
102,2023-05-16 06:00:00,27061.54,27085.0,26993.71,27065.57,2023-05-16 06:59:59.999000064
103,2023-05-16 07:00:00,27065.57,27252.59,27062.55,27252.58,2023-05-16 07:59:59.999000064
104,2023-05-16 08:00:00,27252.58,27286.08,27095.4,27202.22,2023-05-16 08:59:59.999000064
105,2023-05-16 09:00:00,27202.21,27221.43,27071.88,27092.56,2023-05-16 09:59:59.999000064
106,2023-05-16 10:00:00,27092.55,27110.06,26987.02,27013.92,2023-05-16 10:59:59.999000064
107,2023-05-16 11:00:00,27013.93,27126.98,26996.82,27059.03,2023-05-16 11:59:59.999000064
108,2023-05-16 12:00:00,27059.03,27137.69,26976.95,27060.0,2023-05-16 12:59:59.999000064
109,2023-05-16 13:00:00,27060.0,27128.21,26976.09,26984.84,2023-05-16 13:59:59.999000064
110,2023-05-16 14:00:00,26984.84,27042.39,26900.0,26982.79,2023-05-16 14:59:59.999000064
111,2023-05-16 15:00:00,26982.8,27090.77,26980.02,27038.02,2023-05-16 15:59:59.999000064
112,2023-05-16 16:00:00,27038.01,27151.51,26981.48,27052.83,2023-05-16 16:59:59.999000064
113,2023-05-16 17:00:00,27052.84,27100.0,26959.46,27086.56,2023-05-16 17:59:59.999000064
114,2023-05-16 18:00:00,27086.56,27116.92,27000.57,27051.78,2023-05-16 18:59:59.999000064
115,2023-05-16 19:00:00,27051.79,27071.98,26880.0,26933.05,2023-05-16 19:59:59.999000064
116,2023-05-16 20:00:00,26933.06,26993.45,26897.34,26951.41,2023-05-16 20:59:59.999000064
117,2023-05-16 21:00:00,26951.41,27049.0,26923.12,27012.97,2023-05-16 21:59:59.999000064
118,2023-05-16 22:00:00,27012.98,27039.99,26975.71,26998.36,2023-05-16 22:59:59.999000064
119,2023-05-16 23:00:00,26998.37,27049.74,26962.13,27033.84,2023-05-16 23:59:59.999000064
120,2023-05-17 00:00:00,27033.85,27115.0,26982.93,27098.59,2023-05-17 00:59:59.999000064
121,2023-05-17 01:00:00,27098.58,27238.55,27058.61,27170.77,2023-05-17 01:59:59.999000064
122,2023-05-17 02:00:00,27170.78,27191.58,27062.66,27065.15,2023-05-17 02:59:59.999000064
123,2023-05-17 03:00:00,27065.15,27131.7,27041.0,27060.04,2023-05-17 03:59:59.999000064
124,2023-05-17 04:00:00,27060.05,27100.0,27055.09,27072.5,2023-05-17 04:59:59.999000064
125,2023-05-17 05:00:00,27072.51,27072.51,26985.37,26990.78,2023-05-17 05:59:59.999000064
126,2023-05-17 06:00:00,26990.78,27005.97,26931.54,26993.92,2023-05-17 06:59:59.999000064
127,2023-05-17 07:00:00,26993.93,27032.66,26760.0,26845.14,2023-05-17 07:59:59.999000064
128,2023-05-17 08:00:00,26845.14,26861.89,26774.83,26813.07,2023-05-17 08:59:59.999000064
129,2023-05-17 09:00:00,26813.08,26877.42,26798.55,26871.8,2023-05-17 09:59:59.999000064
130,2023-05-17 10:00:00,26871.8,26914.3,26835.0,26868.21,2023-05-17 10:59:59.999000064
131,2023-05-17 11:00:00,26868.22,26868.22,26573.62,26637.62,2023-05-17 11:59:59.999000064
132,2023-05-17 12:00:00,26637.61,26760.56,26600.1,26669.89,2023-05-17 12:59:59.999000064
133,2023-05-17 13:00:00,26669.88,26757.77,26590.68,26635.91,2023-05-17 13:59:59.999000064
134,2023-05-17 14:00:00,26635.91,26830.22,26544.71,26780.77,2023-05-17 14:59:59.999000064
135,2023-05-17 15:00:00,26780.78,26836.06,26708.68,26796.93,2023-05-17 15:59:59.999000064
136,2023-05-17 16:00:00,26796.93,26947.76,26741.36,26905.1,2023-05-17 16:59:59.999000064
137,2023-05-17 17:00:00,26905.1,27174.0,26862.19,27086.12,2023-05-17 17:59:59.999000064
138,2023-05-17 18:00:00,27086.12,27205.0,27064.95,27099.07,2023-05-17 18:59:59.999000064
139,2023-05-17 19:00:00,27099.08,27447.29,27099.07,27385.09,2023-05-17 19:59:59.999000064
140,2023-05-17 20:00:00,27385.09,27467.02,27274.45,27340.59,2023-05-17 20:59:59.999000064
141,2023-05-17 21:00:00,27340.6,27500.0,27275.0,27364.96,2023-05-17 21:59:59.999000064
142,2023-05-17 22:00:00,27364.96,27388.88,27301.12,27333.73,2023-05-17 22:59:59.999000064
143,2023-05-17 23:00:00,27333.72,27431.0,27333.72,27405.61,2023-05-17 23:59:59.999000064
144,2023-05-18 00:00:00,27405.62,27485.33,27354.15,27357.42,2023-05-18 00:59:59.999000064
145,2023-05-18 01:00:00,27357.42,27392.55,27306.59,27323.21,2023-05-18 01:59:59.999000064
146,2023-05-18 02:00:00,27323.21,27388.86,27286.58,27349.32,2023-05-18 02:59:59.999000064
147,2023-05-18 03:00:00,27349.32,27378.9,27331.9,27365.69,2023-05-18 03:59:59.999000064
148,2023-05-18 04:00:00,27365.69,27367.09,27300.0,27302.62,2023-05-18 04:59:59.999000064
149,2023-05-18 05:00:00,27302.62,27318.63,27217.01,27220.16,2023-05-18 05:59:59.999000064
150,2023-05-18 06:00:00,27220.16,27250.0,27152.29,27210.88,2023-05-18 06:59:59.999000064
151,2023-05-18 07:00:00,27210.89,27454.14,27200.0,27391.61,2023-05-18 07:59:59.999000064
152,2023-05-18 08:00:00,27391.61,27440.01,27346.45,27388.54,2023-05-18 08:59:59.999000064
153,2023-05-18 09:00:00,27388.53,27430.0,27354.63,27405.0,2023-05-18 09:59:59.999000064
154,2023-05-18 10:00:00,27405.0,27423.74,27334.02,27347.86,2023-05-18 10:59:59.999000064
155,2023-05-18 11:00:00,27347.86,27400.0,27342.62,27398.97,2023-05-18 11:59:59.999000064
156,2023-05-18 12:00:00,27398.97,27472.14,27226.33,27237.02,2023-05-18 12:59:59.999000064
157,2023-05-18 13:00:00,27237.02,27283.0,27180.17,27257.21,2023-05-18 13:59:59.999000064
158,2023-05-18 14:00:00,27257.21,27404.51,27021.95,27244.99,2023-05-18 14:59:59.999000064
159,2023-05-18 15:00:00,27245.0,27300.0,27045.1,27086.77,2023-05-18 15:59:59.999000064
160,2023-05-18 16:00:00,27086.78,27118.36,26981.56,27069.56,2023-05-18 16:59:59.999000064
161,2023-05-18 17:00:00,27069.55,27090.58,26361.2,26488.99,2023-05-18 17:59:59.999000064
162,2023-05-18 18:00:00,26489.0,26653.4,26409.77,26617.62,2023-05-18 18:59:59.999000064
163,2023-05-18 19:00:00,26617.62,26847.99,26572.71,26734.01,2023-05-18 19:59:59.999000064
164,2023-05-18 20:00:00,26734.01,26771.53,26691.2,26720.63,2023-05-18 20:59:59.999000064
165,2023-05-18 21:00:00,26720.63,27065.27,26720.63,26917.24,2023-05-18 21:59:59.999000064
166,2023-05-18 22:00:00,26917.24,26948.14,26843.93,26891.75,2023-05-18 22:59:59.999000064
167,2023-05-18 23:00:00,26891.74,26894.92,26817.48,26821.28,2023-05-18 23:59:59.999000064
168,2023-05-19 00:00:00,26821.28,26929.04,26799.28,26885.47,2023-05-19 00:59:59.999000064
169,2023-05-19 01:00:00,26885.47,26914.64,26749.33,26809.99,2023-05-19 01:59:59.999000064
170,2023-05-19 02:00:00,26810.0,26849.21,26762.77,26802.05,2023-05-19 02:59:59.999000064
171,2023-05-19 03:00:00,26802.05,26874.59,26769.35,26834.73,2023-05-19 03:59:59.999000064
172,2023-05-19 04:00:00,26834.73,26876.25,26812.03,26875.0,2023-05-19 04:59:59.999000064
173,2023-05-19 05:00:00,26874.99,26888.82,26827.28,26876.45,2023-05-19 05:59:59.999000064
174,2023-05-19 06:00:00,26876.44,26938.49,26866.05,26902.72,2023-05-19 06:59:59.999000064
175,2023-05-19 07:00:00,26902.72,26960.24,26844.04,26851.38,2023-05-19 07:59:59.999000064
176,2023-05-19 08:00:00,26851.39,26926.61,26834.32,26886.52,2023-05-19 08:59:59.999000064
177,2023-05-19 09:00:00,26886.53,26906.73,26819.0,26842.18,2023-05-19 09:59:59.999000064
178,2023-05-19 10:00:00,26842.18,26876.66,26790.72,26823.08,2023-05-19 10:59:59.999000064
179,2023-05-19 11:00:00,26823.08,26878.88,26798.54,26855.89,2023-05-19 11:59:59.999000064
180,2023-05-19 12:00:00,26855.9,26988.2,26855.89,26909.94,2023-05-19 12:59:59.999000064
181,2023-05-19 13:00:00,26909.93,26955.0,26843.2,26865.46,2023-05-19 13:59:59.999000064
182,2023-05-19 14:00:00,26865.47,26865.47,26762.31,26835.33,2023-05-19 14:59:59.999000064
183,2023-05-19 15:00:00,26835.34,27183.6,26630.0,26883.65,2023-05-19 15:59:59.999000064
184,2023-05-19 16:00:00,26883.65,26961.34,26801.56,26837.72,2023-05-19 16:59:59.999000064
185,2023-05-19 17:00:00,26837.73,26973.56,26825.0,26919.17,2023-05-19 17:59:59.999000064
186,2023-05-19 18:00:00,26919.16,26937.62,26872.83,26890.8,2023-05-19 18:59:59.999000064
187,2023-05-19 19:00:00,26890.8,26890.81,26780.73,26834.46,2023-05-19 19:59:59.999000064
188,2023-05-19 20:00:00,26834.47,26875.81,26807.73,26831.04,2023-05-19 20:59:59.999000064
189,2023-05-19 21:00:00,26831.03,26906.13,26826.57,26906.12,2023-05-19 21:59:59.999000064
190,2023-05-19 22:00:00,26906.13,26921.21,26862.18,26871.15,2023-05-19 22:59:59.999000064
191,2023-05-19 23:00:00,26871.15,26900.0,26864.03,26880.26,2023-05-19 23:59:59.999000064
192,2023-05-20 00:00:00,26880.26,26908.42,26825.11,26845.71,2023-05-20 00:59:59.999000064
193,2023-05-20 01:00:00,26845.71,26885.86,26845.54,26858.98,2023-05-20 01:59:59.999000064
194,2023-05-20 02:00:00,26858.98,26870.05,26832.36,26839.63,2023-05-20 02:59:59.999000064
195,2023-05-20 03:00:00,26839.63,26874.74,26839.62,26865.58,2023-05-20 03:59:59.999000064
196,2023-05-20 04:00:00,26865.59,26873.63,26851.11,26873.63,2023-05-20 04:59:59.999000064
197,2023-05-20 05:00:00,26873.62,26873.63,26840.0,26869.36,2023-05-20 05:59:59.999000064
198,2023-05-20 06:00:00,26869.36,26870.0,26835.1,26854.04,2023-05-20 06:59:59.999000064
199,2023-05-20 07:00:00,26854.05,26857.21,26840.0,26854.98,2023-05-20 07:59:59.999000064
200,2023-05-20 08:00:00,26854.98,26917.38,26854.97,26908.98,2023-05-20 08:59:59.999000064
201,2023-05-20 09:00:00,26908.99,26913.53,26869.96,26880.31,2023-05-20 09:59:59.999000064
202,2023-05-20 10:00:00,26880.31,26902.68,26874.88,26887.08,2023-05-20 10:59:59.999000064
203,2023-05-20 11:00:00,26887.08,26904.11,26871.78,26880.06,2023-05-20 11:59:59.999000064
204,2023-05-20 12:00:00,26880.05,26945.66,26880.05,26895.77,2023-05-20 12:59:59.999000064
205,2023-05-20 13:00:00,26895.77,26916.76,26875.51,26889.11,2023-05-20 13:59:59.999000064
206,2023-05-20 14:00:00,26889.12,26928.23,26889.11,26920.01,2023-05-20 14:59:59.999000064
207,2023-05-20 15:00:00,26920.02,26976.0,26891.6,26945.66,2023-05-20 15:59:59.999000064
208,2023-05-20 16:00:00,26945.67,26948.19,26913.25,26918.46,2023-05-20 16:59:59.999000064
209,2023-05-20 17:00:00,26918.46,27146.22,26917.69,27139.45,2023-05-20 17:59:59.999000064
210,2023-05-20 18:00:00,27139.46,27150.0,27027.14,27029.05,2023-05-20 18:59:59.999000064
211,2023-05-20 19:00:00,27029.04,27073.61,26969.55,27063.03,2023-05-20 19:59:59.999000064
212,2023-05-20 20:00:00,27063.04,27091.95,27004.16,27011.29,2023-05-20 20:59:59.999000064
213,2023-05-20 21:00:00,27011.29,27055.69,26967.18,27033.03,2023-05-20 21:59:59.999000064
214,2023-05-20 22:00:00,27033.02,27068.06,27011.31,27067.32,2023-05-20 22:59:59.999000064
215,2023-05-20 23:00:00,27067.31,27129.36,27045.73,27102.43,2023-05-20 23:59:59.999000064
216,2023-05-21 00:00:00,27102.42,27277.55,27063.09,27237.75,2023-05-21 00:59:59.999000064
217,2023-05-21 01:00:00,27237.76,27257.19,27150.95,27158.79,2023-05-21 01:59:59.999000064
218,2023-05-21 02:00:00,27158.79,27191.04,27145.59,27168.54,2023-05-21 02:59:59.999000064
219,2023-05-21 03:00:00,27168.53,27191.1,27156.6,27176.22,2023-05-21 03:59:59.999000064
220,2023-05-21 04:00:00,27176.22,27176.22,27118.0,27129.32,2023-05-21 04:59:59.999000064
221,2023-05-21 05:00:00,27129.32,27138.34,27089.74,27098.85,2023-05-21 05:59:59.999000064
222,2023-05-21 06:00:00,27098.84,27103.0,27065.01,27083.85,2023-05-21 06:59:59.999000064
223,2023-05-21 07:00:00,27083.85,27083.86,27047.88,27054.99,2023-05-21 07:59:59.999000064
224,2023-05-21 08:00:00,27055.0,27072.67,27025.74,27042.87,2023-05-21 08:59:59.999000064
225,2023-05-21 09:00:00,27042.88,27077.22,27030.0,27077.21,2023-05-21 09:59:59.999000064
226,2023-05-21 10:00:00,27077.22,27085.81,26890.39,26955.0,2023-05-21 10:59:59.999000064
227,2023-05-21 11:00:00,26954.99,26955.0,26776.23,26829.94,2023-05-21 11:59:59.999000064
228,2023-05-21 12:00:00,26829.93,26949.82,26803.58,26930.01,2023-05-21 12:59:59.999000064
229,2023-05-21 13:00:00,26930.0,26935.79,26888.07,26890.69,2023-05-21 13:59:59.999000064
230,2023-05-21 14:00:00,26890.69,26972.21,26881.0,26898.32,2023-05-21 14:59:59.999000064
231,2023-05-21 15:00:00,26898.32,26977.0,26811.0,26898.97,2023-05-21 15:59:59.999000064
232,2023-05-21 16:00:00,26898.97,26916.81,26851.65,26886.43,2023-05-21 16:59:59.999000064
233,2023-05-21 17:00:00,26886.42,26933.33,26832.98,26871.55,2023-05-21 17:59:59.999000064
234,2023-05-21 18:00:00,26871.55,26894.75,26846.38,26872.28,2023-05-21 18:59:59.999000064
235,2023-05-21 19:00:00,26872.27,26916.99,26855.8,26902.12,2023-05-21 19:59:59.999000064
236,2023-05-21 20:00:00,26902.13,26926.29,26820.0,26845.8,2023-05-21 20:59:59.999000064
237,2023-05-21 21:00:00,26845.79,26846.65,26666.03,26745.15,2023-05-21 21:59:59.999000064
238,2023-05-21 22:00:00,26745.15,26794.81,26731.42,26754.81,2023-05-21 22:59:59.999000064
239,2023-05-21 23:00:00,26754.82,26804.63,26726.15,26747.78,2023-05-21 23:59:59.999000064
240,2023-05-22 00:00:00,26747.78,26779.54,26549.29,26656.11,2023-05-22 00:59:59.999000064
241,2023-05-22 01:00:00,26656.1,26688.23,26560.0,26584.17,2023-05-22 01:59:59.999000064
242,2023-05-22 02:00:00,26584.17,26666.04,26538.21,26649.67,2023-05-22 02:59:59.999000064
243,2023-05-22 03:00:00,26649.67,26675.69,26635.77,26644.8,2023-05-22 03:59:59.999000064
244,2023-05-22 04:00:00,26644.8,26728.79,26643.12,26691.67,2023-05-22 04:59:59.999000064
245,2023-05-22 05:00:00,26691.66,26800.0,26691.66,26756.09,2023-05-22 05:59:59.999000064
246,2023-05-22 06:00:00,26756.08,26913.14,26751.46,26821.69,2023-05-22 06:59:59.999000064
247,2023-05-22 07:00:00,26821.68,26875.77,26795.03,26843.13,2023-05-22 07:59:59.999000064
248,2023-05-22 08:00:00,26843.12,26900.0,26826.62,26826.62,2023-05-22 08:59:59.999000064
249,2023-05-22 09:00:00,26826.62,26887.62,26824.66,26862.57,2023-05-22 09:59:59.999000064
250,2023-05-22 10:00:00,26862.56,26875.56,26795.75,26831.77,2023-05-22 10:59:59.999000064
251,2023-05-22 11:00:00,26831.77,26834.12,26767.34,26826.78,2023-05-22 11:59:59.999000064
252,2023-05-22 12:00:00,26826.79,26866.0,26731.0,26731.6,2023-05-22 12:59:59.999000064
253,2023-05-22 13:00:00,26731.61,27099.89,26702.91,27007.0,2023-05-22 13:59:59.999000064
254,2023-05-22 14:00:00,27007.01,27041.34,26769.49,26957.28,2023-05-22 14:59:59.999000064
255,2023-05-22 15:00:00,26957.27,26977.23,26811.73,26877.18,2023-05-22 15:59:59.999000064
256,2023-05-22 16:00:00,26877.17,26925.1,26835.65,26873.16,2023-05-22 16:59:59.999000064
257,2023-05-22 17:00:00,26873.16,26896.87,26781.99,26850.16,2023-05-22 17:59:59.999000064
258,2023-05-22 18:00:00,26850.16,26930.0,26836.44,26880.19,2023-05-22 18:59:59.999000064
259,2023-05-22 19:00:00,26880.19,26889.96,26819.1,26862.43,2023-05-22 19:59:59.999000064
260,2023-05-22 20:00:00,26862.43,26934.93,26833.21,26895.13,2023-05-22 20:59:59.999000064
261,2023-05-22 21:00:00,26895.14,26959.52,26880.44,26900.52,2023-05-22 21:59:59.999000064
262,2023-05-22 22:00:00,26900.52,26913.78,26872.02,26872.03,2023-05-22 22:59:59.999000064
263,2023-05-22 23:00:00,26872.02,26883.17,26834.45,26849.27,2023-05-22 23:59:59.999000064
264,2023-05-23 00:00:00,26849.28,26936.58,26798.11,26822.33,2023-05-23 00:59:59.999000064
265,2023-05-23 01:00:00,26822.34,27110.0,26803.36,26994.98,2023-05-23 01:59:59.999000064
266,2023-05-23 02:00:00,26994.98,27173.53,26994.97,27128.42,2023-05-23 02:59:59.999000064
267,2023-05-23 03:00:00,27128.41,27442.03,27115.2,27366.67,2023-05-23 03:59:59.999000064
268,2023-05-23 04:00:00,27366.67,27435.34,27338.35,27381.65,2023-05-23 04:59:59.999000064
269,2023-05-23 05:00:00,27381.64,27495.83,27366.69,27387.49,2023-05-23 05:59:59.999000064
270,2023-05-23 06:00:00,27387.5,27426.52,27278.18,27292.49,2023-05-23 06:59:59.999000064
271,2023-05-23 07:00:00,27292.5,27324.28,27205.01,27304.4,2023-05-23 07:59:59.999000064
272,2023-05-23 08:00:00,27304.4,27337.0,27250.32,27334.52,2023-05-23 08:59:59.999000064
273,2023-05-23 09:00:00,27334.52,27347.07,27269.86,27273.54,2023-05-23 09:59:59.999000064
274,2023-05-23 10:00:00,27273.54,27334.78,27253.27,27327.8,2023-05-23 10:59:59.999000064
275,2023-05-23 11:00:00,27327.8,27349.0,27283.22,27337.36,2023-05-23 11:59:59.999000064
276,2023-05-23 12:00:00,27337.36,27386.26,27240.45,27284.78,2023-05-23 12:59:59.999000064
277,2023-05-23 13:00:00,27284.77,27306.72,27175.19,27236.03,2023-05-23 13:59:59.999000064
278,2023-05-23 14:00:00,27236.04,27358.22,27233.17,27321.35,2023-05-23 14:59:59.999000064
279,2023-05-23 15:00:00,27321.34,27359.93,27291.02,27320.05,2023-05-23 15:59:59.999000064
280,2023-05-23 16:00:00,27320.04,27328.48,27200.16,27229.23,2023-05-23 16:59:59.999000064
281,2023-05-23 17:00:00,27229.24,27270.23,27185.52,27203.71,2023-05-23 17:59:59.999000064
282,2023-05-23 18:00:00,27203.71,27219.97,27119.0,27139.01,2023-05-23 18:59:59.999000064
283,2023-05-23 19:00:00,27139.01,27219.48,27100.79,27181.22,2023-05-23 19:59:59.999000064
284,2023-05-23 20:00:00,27181.23,27242.67,27151.38,27215.11,2023-05-23 20:59:59.999000064
285,2023-05-23 21:00:00,27215.1,27239.41,27187.56,27200.38,2023-05-23 21:59:59.999000064
286,2023-05-23 22:00:00,27200.37,27221.12,27178.09,27194.91,2023-05-23 22:59:59.999000064
287,2023-05-23 23:00:00,27194.91,27249.38,27192.35,27219.61,2023-05-23 23:59:59.999000064
288,2023-05-24 00:00:00,27219.61,27219.61,27124.91,27156.7,2023-05-24 00:59:59.999000064
289,2023-05-24 01:00:00,27156.71,27188.93,27134.99,27138.19,2023-05-24 01:59:59.999000064
290,2023-05-24 02:00:00,27138.2,27170.71,27111.0,27161.76,2023-05-24 02:59:59.999000064
291,2023-05-24 03:00:00,27161.75,27164.59,26649.88,26786.0,2023-05-24 03:59:59.999000064
292,2023-05-24 04:00:00,26786.01,26812.63,26704.71,26804.12,2023-05-24 04:59:59.999000064
293,2023-05-24 05:00:00,26804.11,26830.42,26718.03,26775.45,2023-05-24 05:59:59.999000064
294,2023-05-24 06:00:00,26775.44,26775.45,26613.0,26712.55,2023-05-24 06:59:59.999000064
295,2023-05-24 07:00:00,26712.56,26757.72,26646.0,26678.67,2023-05-24 07:59:59.999000064
296,2023-05-24 08:00:00,26678.67,26754.02,26670.0,26748.58,2023-05-24 08:59:59.999000064
297,2023-05-24 09:00:00,26748.58,26839.02,26737.4,26750.8,2023-05-24 09:59:59.999000064
298,2023-05-24 10:00:00,26750.8,26762.6,26715.06,26730.0,2023-05-24 10:59:59.999000064
299,2023-05-24 11:00:00,26730.01,26764.91,26680.64,26742.24,2023-05-24 11:59:59.999000064
300,2023-05-24 12:00:00,26742.25,26742.25,26661.05,26695.41,2023-05-24 12:59:59.999000064
301,2023-05-24 13:00:00,26695.41,26709.62,26274.69,26442.86,2023-05-24 13:59:59.999000064
302,2023-05-24 14:00:00,26442.85,26442.86,26144.36,26254.93,2023-05-24 14:59:59.999000064
303,2023-05-24 15:00:00,26254.93,26377.63,26080.5,26314.69,2023-05-24 15:59:59.999000064
304,2023-05-24 16:00:00,26314.69,26326.47,26159.97,26238.01,2023-05-24 16:59:59.999000064
305,2023-05-24 17:00:00,26238.01,26358.99,26170.18,26285.01,2023-05-24 17:59:59.999000064
306,2023-05-24 18:00:00,26285.01,26324.41,26214.0,26220.55,2023-05-24 18:59:59.999000064
307,2023-05-24 19:00:00,26220.55,26397.64,26201.67,26252.33,2023-05-24 19:59:59.999000064
308,2023-05-24 20:00:00,26252.34,26486.46,26242.62,26404.18,2023-05-24 20:59:59.999000064
309,2023-05-24 21:00:00,26404.18,26464.65,26310.48,26368.66,2023-05-24 21:59:59.999000064
310,2023-05-24 22:00:00,26368.66,26406.0,26313.47,26348.52,2023-05-24 22:59:59.999000064
311,2023-05-24 23:00:00,26348.52,26394.16,26318.25,26329.01,2023-05-24 23:59:59.999000064
312,2023-05-25 00:00:00,26329.0,26394.37,26197.12,26236.47,2023-05-25 00:59:59.999000064
313,2023-05-25 01:00:00,26236.46,26318.58,25871.89,26124.08,2023-05-25 01:59:59.999000064
314,2023-05-25 02:00:00,26124.08,26147.0,26052.88,26122.71,2023-05-25 02:59:59.999000064
315,2023-05-25 03:00:00,26122.72,26227.71,26122.71,26183.72,2023-05-25 03:59:59.999000064
316,2023-05-25 04:00:00,26183.73,26269.3,26153.0,26224.39,2023-05-25 04:59:59.999000064
317,2023-05-25 05:00:00,26224.39,26279.45,26214.4,26260.12,2023-05-25 05:59:59.999000064
318,2023-05-25 06:00:00,26260.11,26300.0,26220.01,26261.27,2023-05-25 06:59:59.999000064
319,2023-05-25 07:00:00,26261.26,26267.29,26126.76,26131.27,2023-05-25 07:59:59.999000064
320,2023-05-25 08:00:00,26131.27,26252.26,26128.37,26223.87,2023-05-25 08:59:59.999000064
321,2023-05-25 09:00:00,26223.87,26286.76,26223.04,26284.76,2023-05-25 09:59:59.999000064
322,2023-05-25 10:00:00,26284.76,26302.88,26213.79,26248.18,2023-05-25 10:59:59.999000064
323,2023-05-25 11:00:00,26248.17,26335.16,26205.84,26296.62,2023-05-25 11:59:59.999000064
324,2023-05-25 12:00:00,26296.61,26499.99,26296.61,26403.52,2023-05-25 12:59:59.999000064
325,2023-05-25 13:00:00,26403.52,26432.96,26269.53,26338.37,2023-05-25 13:59:59.999000064
326,2023-05-25 14:00:00,26338.36,26426.85,26287.9,26364.65,2023-05-25 14:59:59.999000064
327,2023-05-25 15:00:00,26364.66,26391.71,26168.6,26226.12,2023-05-25 15:59:59.999000064
328,2023-05-25 16:00:00,26226.12,26320.03,26207.47,26276.73,2023-05-25 16:59:59.999000064
329,2023-05-25 17:00:00,26276.73,26393.75,26250.01,26350.84,2023-05-25 17:59:59.999000064
330,2023-05-25 18:00:00,26350.85,26413.08,26330.47,26374.54,2023-05-25 18:59:59.999000064
331,2023-05-25 19:00:00,26374.53,26631.98,26370.16,26468.68,2023-05-25 19:59:59.999000064
332,2023-05-25 20:00:00,26468.67,26522.8,26458.52,26485.21,2023-05-25 20:59:59.999000064
333,2023-05-25 21:00:00,26485.21,26485.22,26437.53,26475.86,2023-05-25 21:59:59.999000064
334,2023-05-25 22:00:00,26475.85,26478.44,26432.46,26454.41,2023-05-25 22:59:59.999000064
335,2023-05-25 23:00:00,26454.41,26551.02,26454.41,26473.79,2023-05-25 23:59:59.999000064
336,2023-05-26 00:00:00,26473.8,26505.24,26384.36,26469.93,2023-05-26 00:59:59.999000064
337,2023-05-26 01:00:00,26469.94,26539.34,26350.0,26414.9,2023-05-26 01:59:59.999000064
338,2023-05-26 02:00:00,26414.9,26442.37,26385.36,26403.34,2023-05-26 02:59:59.999000064
339,2023-05-26 03:00:00,26403.34,26467.56,26394.54,26435.14,2023-05-26 03:59:59.999000064
340,2023-05-26 04:00:00,26435.14,26450.85,26410.03,26426.43,2023-05-26 04:59:59.999000064
341,2023-05-26 05:00:00,26426.44,26432.1,26336.99,26347.43,2023-05-26 05:59:59.999000064
342,2023-05-26 06:00:00,26347.44,26442.8,26327.24,26434.4,2023-05-26 06:59:59.999000064
343,2023-05-26 07:00:00,26434.4,26534.05,26414.36,26501.33,2023-05-26 07:59:59.999000064
344,2023-05-26 08:00:00,26501.34,26549.0,26468.26,26473.36,2023-05-26 08:59:59.999000064
345,2023-05-26 09:00:00,26473.37,26473.5,26427.93,26445.45,2023-05-26 09:59:59.999000064
346,2023-05-26 10:00:00,26445.46,26485.86,26423.62,26450.13,2023-05-26 10:59:59.999000064
347,2023-05-26 11:00:00,26450.12,26500.0,26429.16,26463.29,2023-05-26 11:59:59.999000064
348,2023-05-26 12:00:00,26463.29,26528.64,26355.81,26440.04,2023-05-26 12:59:59.999000064
349,2023-05-26 13:00:00,26440.04,26593.35,26440.04,26539.97,2023-05-26 13:59:59.999000064
350,2023-05-26 14:00:00,26539.98,26932.16,26539.97,26760.01,2023-05-26 14:59:59.999000064
351,2023-05-26 15:00:00,26760.0,26846.29,26741.61,26750.21,2023-05-26 15:59:59.999000064
352,2023-05-26 16:00:00,26750.22,26830.0,26744.63,26792.36,2023-05-26 16:59:59.999000064
353,2023-05-26 17:00:00,26792.35,26837.34,26686.04,26713.0,2023-05-26 17:59:59.999000064
354,2023-05-26 18:00:00,26713.0,26757.09,26610.49,26730.69,2023-05-26 18:59:59.999000064
355,2023-05-26 19:00:00,26730.68,26822.88,26730.68,26767.21,2023-05-26 19:59:59.999000064
356,2023-05-26 20:00:00,26767.22,26807.5,26736.11,26747.66,2023-05-26 20:59:59.999000064
357,2023-05-26 21:00:00,26747.66,26790.0,26722.35,26725.24,2023-05-26 21:59:59.999000064
358,2023-05-26 22:00:00,26725.23,26754.11,26686.0,26686.0,2023-05-26 22:59:59.999000064
359,2023-05-26 23:00:00,26686.01,26726.77,26686.0,26705.92,2023-05-26 23:59:59.999000064
360,2023-05-27 00:00:00,26705.93,26713.4,26633.0,26651.92,2023-05-27 00:59:59.999000064
361,2023-05-27 01:00:00,26651.93,26713.76,26645.62,26713.76,2023-05-27 01:59:59.999000064
362,2023-05-27 02:00:00,26713.75,26742.98,26688.08,26742.97,2023-05-27 02:59:59.999000064
363,2023-05-27 03:00:00,26742.98,26782.73,26713.15,26752.0,2023-05-27 03:59:59.999000064
364,2023-05-27 04:00:00,26752.0,26786.51,26725.5,26760.96,2023-05-27 04:59:59.999000064
365,2023-05-27 05:00:00,26760.95,26763.71,26724.76,26725.16,2023-05-27 05:59:59.999000064
366,2023-05-27 06:00:00,26725.16,26763.99,26710.0,26749.47,2023-05-27 06:59:59.999000064
367,2023-05-27 07:00:00,26749.46,26749.47,26710.0,26722.8,2023-05-27 07:59:59.999000064
368,2023-05-27 08:00:00,26722.8,26722.8,26676.17,26688.65,2023-05-27 08:59:59.999000064
369,2023-05-27 09:00:00,26688.64,26732.66,26683.43,26699.17,2023-05-27 09:59:59.999000064
370,2023-05-27 10:00:00,26699.16,26716.55,26667.93,26676.89,2023-05-27 10:59:59.999000064
371,2023-05-27 11:00:00,26676.89,26714.01,26666.37,26699.02,2023-05-27 11:59:59.999000064
372,2023-05-27 12:00:00,26699.02,26743.8,26677.4,26711.5,2023-05-27 12:59:59.999000064
373,2023-05-27 13:00:00,26711.5,26777.77,26551.0,26628.29,2023-05-27 13:59:59.999000064
374,2023-05-27 14:00:00,26628.29,26724.19,26607.42,26666.87,2023-05-27 14:59:59.999000064
375,2023-05-27 15:00:00,26666.87,26690.06,26636.98,26690.05,2023-05-27 15:59:59.999000064
376,2023-05-27 16:00:00,26690.06,26694.26,26620.35,26664.07,2023-05-27 16:59:59.999000064
377,2023-05-27 17:00:00,26664.07,26765.03,26663.62,26756.7,2023-05-27 17:59:59.999000064
378,2023-05-27 18:00:00,26756.71,26846.0,26702.63,26702.64,2023-05-27 18:59:59.999000064
379,2023-05-27 19:00:00,26702.64,26765.73,26702.63,26729.6,2023-05-27 19:59:59.999000064
380,2023-05-27 20:00:00,26729.6,26751.52,26726.01,26751.52,2023-05-27 20:59:59.999000064
381,2023-05-27 21:00:00,26751.52,26774.95,26733.84,26771.27,2023-05-27 21:59:59.999000064
382,2023-05-27 22:00:00,26771.28,26835.93,26761.88,26803.28,2023-05-27 22:59:59.999000064
383,2023-05-27 23:00:00,26803.28,26895.0,26803.27,26854.27,2023-05-27 23:59:59.999000064
384,2023-05-28 00:00:00,26854.28,27119.5,26764.36,27072.42,2023-05-28 00:59:59.999000064
385,2023-05-28 01:00:00,27072.41,27165.62,27070.83,27093.94,2023-05-28 01:59:59.999000064
386,2023-05-28 02:00:00,27093.94,27129.64,27072.16,27100.01,2023-05-28 02:59:59.999000064
387,2023-05-28 03:00:00,27100.0,27247.1,27100.0,27187.23,2023-05-28 03:59:59.999000064
388,2023-05-28 04:00:00,27187.24,27285.52,27167.97,27167.97,2023-05-28 04:59:59.999000064
389,2023-05-28 05:00:00,27167.98,27190.81,27128.41,27164.75,2023-05-28 05:59:59.999000064
390,2023-05-28 06:00:00,27164.75,27228.91,27164.75,27184.9,2023-05-28 06:59:59.999000064
391,2023-05-28 07:00:00,27184.9,27229.15,27182.01,27226.37,2023-05-28 07:59:59.999000064
392,2023-05-28 08:00:00,27226.38,27247.42,27178.36,27197.63,2023-05-28 08:59:59.999000064
393,2023-05-28 09:00:00,27197.63,27198.99,27136.01,27156.68,2023-05-28 09:59:59.999000064
394,2023-05-28 10:00:00,27156.69,27218.94,27147.19,27212.35,2023-05-28 10:59:59.999000064
395,2023-05-28 11:00:00,27212.34,27344.23,27153.75,27153.76,2023-05-28 11:59:59.999000064
396,2023-05-28 12:00:00,27153.76,27187.37,27100.02,27142.48,2023-05-28 12:59:59.999000064
397,2023-05-28 13:00:00,27142.49,27226.46,27134.75,27181.31,2023-05-28 13:59:59.999000064
398,2023-05-28 14:00:00,27181.31,27239.99,27168.09,27190.21,2023-05-28 14:59:59.999000064
399,2023-05-28 15:00:00,27190.21,27280.0,27171.56,27272.17,2023-05-28 15:59:59.999000064
400,2023-05-28 16:00:00,27272.17,27344.0,27224.7,27252.27,2023-05-28 16:59:59.999000064
401,2023-05-28 17:00:00,27252.26,27424.44,27212.91,27351.59,2023-05-28 17:59:59.999000064
402,2023-05-28 18:00:00,27351.59,27746.33,27314.49,27589.75,2023-05-28 18:59:59.999000064
403,2023-05-28 19:00:00,27589.76,27630.36,27477.56,27525.99,2023-05-28 19:59:59.999000064
404,2023-05-28 20:00:00,27525.99,27593.84,27525.99,27554.48,2023-05-28 20:59:59.999000064
405,2023-05-28 21:00:00,27554.47,27956.0,27548.68,27835.02,2023-05-28 21:59:59.999000064
406,2023-05-28 22:00:00,27835.03,28175.0,27835.02,28090.39,2023-05-28 22:59:59.999000064
407,2023-05-28 23:00:00,28090.39,28261.32,28050.69,28065.0,2023-05-28 23:59:59.999000064
408,2023-05-29 00:00:00,28065.01,28447.14,28065.0,28192.53,2023-05-29 00:59:59.999000064
409,2023-05-29 01:00:00,28192.52,28214.68,28133.71,28166.57,2023-05-29 01:59:59.999000064
410,2023-05-29 02:00:00,28166.57,28179.0,28096.0,28096.01,2023-05-29 02:59:59.999000064
411,2023-05-29 03:00:00,28096.01,28134.25,27914.28,27954.99,2023-05-29 03:59:59.999000064
412,2023-05-29 04:00:00,27954.99,28004.41,27854.0,27947.07,2023-05-29 04:59:59.999000064
413,2023-05-29 05:00:00,27947.07,28047.01,27938.36,27990.72,2023-05-29 05:59:59.999000064
414,2023-05-29 06:00:00,27990.71,28037.28,27982.59,28002.49,2023-05-29 06:59:59.999000064
415,2023-05-29 07:00:00,28002.49,28002.55,27841.0,27907.87,2023-05-29 07:59:59.999000064
416,2023-05-29 08:00:00,27907.86,27945.0,27846.72,27900.61,2023-05-29 08:59:59.999000064
417,2023-05-29 09:00:00,27900.6,27944.77,27857.22,27939.95,2023-05-29 09:59:59.999000064
418,2023-05-29 10:00:00,27939.96,27971.01,27745.78,27857.59,2023-05-29 10:59:59.999000064
419,2023-05-29 11:00:00,27857.6,27936.53,27842.93,27913.87,2023-05-29 11:59:59.999000064
420,2023-05-29 12:00:00,27913.87,27949.7,27862.92,27876.98,2023-05-29 12:59:59.999000064
421,2023-05-29 13:00:00,27876.98,27944.13,27862.44,27903.12,2023-05-29 13:59:59.999000064
422,2023-05-29 14:00:00,27903.12,27932.53,27699.0,27787.77,2023-05-29 14:59:59.999000064
423,2023-05-29 15:00:00,27787.77,27841.94,27588.0,27630.51,2023-05-29 15:59:59.999000064
424,2023-05-29 16:00:00,27630.5,27673.64,27545.53,27597.24,2023-05-29 16:59:59.999000064
425,2023-05-29 17:00:00,27597.24,27737.99,27524.6,27689.14,2023-05-29 17:59:59.999000064
426,2023-05-29 18:00:00,27689.14,27719.02,27612.36,27635.45,2023-05-29 18:59:59.999000064
427,2023-05-29 19:00:00,27635.46,27706.62,27621.51,27637.94,2023-05-29 19:59:59.999000064
428,2023-05-29 20:00:00,27637.94,27697.7,27627.81,27682.77,2023-05-29 20:59:59.999000064
429,2023-05-29 21:00:00,27682.78,27724.72,27650.0,27666.7,2023-05-29 21:59:59.999000064
430,2023-05-29 22:00:00,27666.7,27693.33,27554.57,27689.22,2023-05-29 22:59:59.999000064
431,2023-05-29 23:00:00,27689.22,27818.0,27681.76,27736.4,2023-05-29 23:59:59.999000064
432,2023-05-30 00:00:00,27736.39,27768.15,27584.45,27709.55,2023-05-30 00:59:59.999000064
433,2023-05-30 01:00:00,27709.55,27795.55,27699.76,27766.03,2023-05-30 01:59:59.999000064
434,2023-05-30 02:00:00,27766.03,27795.39,27722.74,27783.43,2023-05-30 02:59:59.999000064
435,2023-05-30 03:00:00,27783.43,27940.55,27773.69,27829.23,2023-05-30 03:59:59.999000064
436,2023-05-30 04:00:00,27829.23,27848.09,27760.38,27776.19,2023-05-30 04:59:59.999000064
437,2023-05-30 05:00:00,27776.18,27776.19,27672.93,27753.38,2023-05-30 05:59:59.999000064
438,2023-05-30 06:00:00,27753.38,27821.86,27752.88,27795.81,2023-05-30 06:59:59.999000064
439,2023-05-30 07:00:00,27795.82,27848.28,27729.1,27733.22,2023-05-30 07:59:59.999000064
440,2023-05-30 08:00:00,27733.22,27817.81,27712.19,27781.78,2023-05-30 08:59:59.999000064
441,2023-05-30 09:00:00,27781.77,27893.0,27781.77,27852.33,2023-05-30 09:59:59.999000064
442,2023-05-30 10:00:00,27852.34,28037.22,27852.33,27900.18,2023-05-30 10:59:59.999000064
443,2023-05-30 11:00:00,27900.18,28038.59,27856.85,28021.4,2023-05-30 11:59:59.999000064
444,2023-05-30 12:00:00,28021.39,28027.78,27794.73,27903.51,2023-05-30 12:59:59.999000064
445,2023-05-30 13:00:00,27903.52,27969.65,27755.01,27800.01,2023-05-30 13:59:59.999000064
446,2023-05-30 14:00:00,27800.02,27865.0,27621.0,27622.65,2023-05-30 14:59:59.999000064
447,2023-05-30 15:00:00,27622.65,27738.01,27615.0,27673.08,2023-05-30 15:59:59.999000064
448,2023-05-30 16:00:00,27673.08,27743.48,27554.0,27713.43,2023-05-30 16:59:59.999000064
449,2023-05-30 17:00:00,27713.43,27776.15,27625.14,27696.12,2023-05-30 17:59:59.999000064
450,2023-05-30 18:00:00,27696.12,27799.0,27664.32,27765.84,2023-05-30 18:59:59.999000064
451,2023-05-30 19:00:00,27765.84,27862.84,27750.8,27850.2,2023-05-30 19:59:59.999000064
452,2023-05-30 20:00:00,27850.21,27855.13,27751.51,27762.51,2023-05-30 20:59:59.999000064
453,2023-05-30 21:00:00,27762.52,27842.0,27655.14,27719.37,2023-05-30 21:59:59.999000064
454,2023-05-30 22:00:00,27719.38,27758.91,27651.17,27738.52,2023-05-30 22:59:59.999000064
455,2023-05-30 23:00:00,27738.52,27742.96,27673.44,27694.4,2023-05-30 23:59:59.999000064
456,2023-05-31 00:00:00,27694.39,27757.42,27657.99,27754.78,2023-05-31 00:59:59.999000064
457,2023-05-31 01:00:00,27754.79,27835.51,27738.67,27742.09,2023-05-31 01:59:59.999000064
458,2023-05-31 02:00:00,27742.09,27742.09,27571.04,27673.47,2023-05-31 02:59:59.999000064
459,2023-05-31 03:00:00,27673.47,27690.44,27600.0,27657.3,2023-05-31 03:59:59.999000064
460,2023-05-31 04:00:00,27657.29,27677.67,27250.88,27257.7,2023-05-31 04:59:59.999000064
461,2023-05-31 05:00:00,27257.7,27282.58,27021.0,27088.15,2023-05-31 05:59:59.999000064
462,2023-05-31 06:00:00,27088.16,27188.97,26968.49,27163.37,2023-05-31 06:59:59.999000064
463,2023-05-31 07:00:00,27163.36,27206.35,27117.71,27167.9,2023-05-31 07:59:59.999000064
464,2023-05-31 08:00:00,27167.91,27203.73,27107.62,27136.93,2023-05-31 08:59:59.999000064
465,2023-05-31 09:00:00,27136.92,27157.58,27044.86,27133.28,2023-05-31 09:59:59.999000064
466,2023-05-31 10:00:00,27133.27,27142.76,27046.2,27056.53,2023-05-31 10:59:59.999000064
467,2023-05-31 11:00:00,27056.52,27130.0,26994.33,27097.18,2023-05-31 11:59:59.999000064
468,2023-05-31 12:00:00,27097.18,27119.0,27043.92,27072.34,2023-05-31 12:59:59.999000064
469,2023-05-31 13:00:00,27072.34,27231.34,27060.0,27117.11,2023-05-31 13:59:59.999000064
470,2023-05-31 14:00:00,27117.1,27119.24,26851.0,27033.86,2023-05-31 14:59:59.999000064
471,2023-05-31 15:00:00,27033.87,27064.03,26880.58,26911.54,2023-05-31 15:59:59.999000064
472,2023-05-31 16:00:00,26911.55,26979.04,26839.01,26936.01,2023-05-31 16:59:59.999000064
473,2023-05-31 17:00:00,26936.0,27084.51,26916.35,27055.4,2023-05-31 17:59:59.999000064
474,2023-05-31 18:00:00,27055.39,27093.32,27020.1,27037.06,2023-05-31 18:59:59.999000064
475,2023-05-31 19:00:00,27037.06,27123.43,27000.2,27010.57,2023-05-31 19:59:59.999000064
476,2023-05-31 20:00:00,27010.57,27116.13,27005.16,27114.2,2023-05-31 20:59:59.999000064
477,2023-05-31 21:00:00,27114.19,27119.77,27045.61,27090.79,2023-05-31 21:59:59.999000064
478,2023-05-31 22:00:00,27090.78,27193.24,27084.92,27183.98,2023-05-31 22:59:59.999000064
479,2023-05-31 23:00:00,27183.97,27299.99,27159.63,27210.35,2023-05-31 23:59:59.999000064
480,2023-06-01 00:00:00,27210.36,27350.0,27023.35,27065.77,2023-06-01 00:59:59.999000064
481,2023-06-01 01:00:00,27065.76,27165.47,27059.74,27078.56,2023-06-01 01:59:59.999000064
482,2023-06-01 02:00:00,27078.56,27114.16,26640.0,26719.26,2023-06-01 02:59:59.999000064
483,2023-06-01 03:00:00,26719.26,26838.89,26605.05,26779.94,2023-06-01 03:59:59.999000064
484,2023-06-01 04:00:00,26779.93,26822.81,26746.0,26804.15,2023-06-01 04:59:59.999000064
485,2023-06-01 05:00:00,26804.14,26863.62,26784.89,26849.2,2023-06-01 05:59:59.999000064
486,2023-06-01 06:00:00,26849.2,26883.6,26778.08,26785.13,2023-06-01 06:59:59.999000064
487,2023-06-01 07:00:00,26785.14,26864.09,26764.16,26802.67,2023-06-01 07:59:59.999000064
488,2023-06-01 08:00:00,26802.66,26922.76,26790.96,26912.53,2023-06-01 08:59:59.999000064
489,2023-06-01 09:00:00,26912.54,26951.07,26899.54,26908.63,2023-06-01 09:59:59.999000064
490,2023-06-01 10:00:00,26908.63,26934.83,26858.33,26860.0,2023-06-01 10:59:59.999000064
491,2023-06-01 11:00:00,26860.0,26905.02,26841.65,26892.96,2023-06-01 11:59:59.999000064
492,2023-06-01 12:00:00,26892.95,26964.88,26782.53,26941.79,2023-06-01 12:59:59.999000064
493,2023-06-01 13:00:00,26941.8,26971.07,26867.95,26891.74,2023-06-01 13:59:59.999000064
494,2023-06-01 14:00:00,26891.74,26981.34,26833.01,26898.08,2023-06-01 14:59:59.999000064
495,2023-06-01 15:00:00,26898.07,26947.24,26860.01,26894.48,2023-06-01 15:59:59.999000064
496,2023-06-01 16:00:00,26894.47,27175.0,26795.06,27092.08,2023-06-01 16:59:59.999000064
497,2023-06-01 17:00:00,27092.07,27137.42,26916.29,26956.94,2023-06-01 17:59:59.999000064
498,2023-06-01 18:00:00,26956.93,27048.43,26938.06,26964.77,2023-06-01 18:59:59.999000064
499,2023-06-01 19:00:00,26964.76,26984.68,26656.0,26862.68,2023-06-01 19:59:59.999000064
500,2023-06-01 20:00:00,26862.68,26919.99,26828.82,26863.0,2023-06-01 20:59:59.999000064
501,2023-06-01 21:00:00,26862.99,26942.98,26855.77,26889.84,2023-06-01 21:59:59.999000064
502,2023-06-01 22:00:00,26889.85,26902.43,26849.43,26880.97,2023-06-01 22:59:59.999000064
503,2023-06-01 23:00:00,26880.97,26883.51,26713.34,26817.93,2023-06-01 23:59:59.999000064
504,2023-06-02 00:00:00,26817.93,26824.64,26505.0,26786.03,2023-06-02 00:59:59.999000064
505,2023-06-02 01:00:00,26786.04,26849.09,26716.8,26811.9,2023-06-02 01:59:59.999000064
506,2023-06-02 02:00:00,26811.89,26984.26,26811.89,26960.01,2023-06-02 02:59:59.999000064
507,2023-06-02 03:00:00,26960.01,27017.0,26932.16,27000.0,2023-06-02 03:59:59.999000064
508,2023-06-02 04:00:00,27000.01,27120.0,26949.4,27068.27,2023-06-02 04:59:59.999000064
509,2023-06-02 05:00:00,27068.27,27213.0,27064.96,27152.6,2023-06-02 05:59:59.999000064
510,2023-06-02 06:00:00,27152.6,27164.94,27068.0,27071.06,2023-06-02 06:59:59.999000064
511,2023-06-02 07:00:00,27071.05,27114.16,27045.8,27049.65,2023-06-02 07:59:59.999000064
512,2023-06-02 08:00:00,27049.65,27172.39,27049.38,27166.14,2023-06-02 08:59:59.999000064
513,2023-06-02 09:00:00,27166.13,27183.07,27068.47,27080.68,2023-06-02 09:59:59.999000064
514,2023-06-02 10:00:00,27080.68,27104.2,27061.6,27096.99,2023-06-02 10:59:59.999000064
515,2023-06-02 11:00:00,27096.98,27171.46,27072.55,27130.75,2023-06-02 11:59:59.999000064
516,2023-06-02 12:00:00,27130.75,27240.0,26987.0,27095.42,2023-06-02 12:59:59.999000064
517,2023-06-02 13:00:00,27095.43,27134.4,26860.71,26908.84,2023-06-02 13:59:59.999000064
518,2023-06-02 14:00:00,26908.85,26986.08,26890.0,26964.74,2023-06-02 14:59:59.999000064
519,2023-06-02 15:00:00,26964.75,27107.34,26962.99,27095.92,2023-06-02 15:59:59.999000064
520,2023-06-02 16:00:00,27095.93,27120.02,27032.93,27056.06,2023-06-02 16:59:59.999000064
521,2023-06-02 17:00:00,27056.06,27093.82,27023.58,27057.58,2023-06-02 17:59:59.999000064
522,2023-06-02 18:00:00,27057.57,27193.62,27006.22,27192.6,2023-06-02 18:59:59.999000064
523,2023-06-02 19:00:00,27192.61,27287.64,27131.02,27239.02,2023-06-02 19:59:59.999000064
524,2023-06-02 20:00:00,27239.03,27274.1,27172.84,27172.84,2023-06-02 20:59:59.999000064
525,2023-06-02 21:00:00,27172.84,27246.11,27143.37,27207.4,2023-06-02 21:59:59.999000064
526,2023-06-02 22:00:00,27207.41,27300.0,27199.0,27262.92,2023-06-02 22:59:59.999000064
527,2023-06-02 23:00:00,27262.91,27269.22,27229.9,27242.59,2023-06-02 23:59:59.999000064
528,2023-06-03 00:00:00,27242.59,27242.6,27152.2,27165.09,2023-06-03 00:59:59.999000064
529,2023-06-03 01:00:00,27165.08,27189.4,27092.0,27130.4,2023-06-03 01:59:59.999000064
530,2023-06-03 02:00:00,27130.41,27169.26,27129.17,27153.26,2023-06-03 02:59:59.999000064
531,2023-06-03 03:00:00,27153.26,27171.47,27131.89,27143.2,2023-06-03 03:59:59.999000064
532,2023-06-03 04:00:00,27143.2,27163.77,27105.73,27160.24,2023-06-03 04:59:59.999000064
533,2023-06-03 05:00:00,27160.24,27168.4,27137.34,27157.2,2023-06-03 05:59:59.999000064
534,2023-06-03 06:00:00,27157.2,27212.78,27157.2,27182.35,2023-06-03 06:59:59.999000064
535,2023-06-03 07:00:00,27182.35,27200.01,27165.23,27174.42,2023-06-03 07:59:59.999000064
536,2023-06-03 08:00:00,27174.42,27181.0,27141.94,27146.62,2023-06-03 08:59:59.999000064
537,2023-06-03 09:00:00,27146.62,27151.52,27129.41,27151.51,2023-06-03 09:59:59.999000064
538,2023-06-03 10:00:00,27151.51,27180.03,27112.73,27140.0,2023-06-03 10:59:59.999000064
539,2023-06-03 11:00:00,27139.99,27171.48,27123.74,27129.79,2023-06-03 11:59:59.999000064
540,2023-06-03 12:00:00,27129.78,27173.73,27129.78,27165.81,2023-06-03 12:59:59.999000064
541,2023-06-03 13:00:00,27165.81,27183.99,27149.88,27166.98,2023-06-03 13:59:59.999000064
542,2023-06-03 14:00:00,27166.97,27193.62,27166.97,27171.24,2023-06-03 14:59:59.999000064
543,2023-06-03 15:00:00,27171.25,27333.29,27126.85,27305.26,2023-06-03 15:59:59.999000064
544,2023-06-03 16:00:00,27305.27,27318.63,27227.19,27248.48,2023-06-03 16:59:59.999000064
545,2023-06-03 17:00:00,27248.49,27253.57,27111.79,27160.9,2023-06-03 17:59:59.999000064
546,2023-06-03 18:00:00,27160.91,27183.09,27125.34,27147.43,2023-06-03 18:59:59.999000064
547,2023-06-03 19:00:00,27147.44,27163.13,27025.59,27096.36,2023-06-03 19:59:59.999000064
548,2023-06-03 20:00:00,27096.37,27124.68,27054.41,27062.33,2023-06-03 20:59:59.999000064
549,2023-06-03 21:00:00,27062.34,27074.66,26914.93,27004.41,2023-06-03 21:59:59.999000064
550,2023-06-03 22:00:00,27004.41,27079.79,27004.4,27071.55,2023-06-03 22:59:59.999000064
551,2023-06-03 23:00:00,27071.55,27085.51,27050.38,27069.22,2023-06-03 23:59:59.999000064
552,2023-06-04 00:00:00,27069.22,27069.23,27001.59,27005.13,2023-06-04 00:59:59.999000064
553,2023-06-04 01:00:00,27005.13,27079.79,26951.0,27041.03,2023-06-04 01:59:59.999000064
554,2023-06-04 02:00:00,27041.04,27100.43,27034.13,27091.27,2023-06-04 02:59:59.999000064
555,2023-06-04 03:00:00,27091.28,27091.28,27042.85,27061.38,2023-06-04 03:59:59.999000064
556,2023-06-04 04:00:00,27061.37,27083.56,27042.37,27054.95,2023-06-04 04:59:59.999000064
557,2023-06-04 05:00:00,27054.95,27056.47,27027.0,27038.63,2023-06-04 05:59:59.999000064
558,2023-06-04 06:00:00,27038.62,27141.7,27038.62,27127.78,2023-06-04 06:59:59.999000064
559,2023-06-04 07:00:00,27127.78,27163.94,27127.78,27150.45,2023-06-04 07:59:59.999000064
560,2023-06-04 08:00:00,27150.46,27158.12,27123.81,27150.82,2023-06-04 08:59:59.999000064
561,2023-06-04 09:00:00,27150.81,27249.86,27150.81,27215.89,2023-06-04 09:59:59.999000064
562,2023-06-04 10:00:00,27215.88,27230.17,27190.34,27221.05,2023-06-04 10:59:59.999000064
563,2023-06-04 11:00:00,27221.06,27235.67,27175.51,27198.55,2023-06-04 11:59:59.999000064
564,2023-06-04 12:00:00,27198.54,27216.58,27160.11,27210.1,2023-06-04 12:59:59.999000064
565,2023-06-04 13:00:00,27210.1,27298.0,27206.36,27245.46,2023-06-04 13:59:59.999000064
566,2023-06-04 14:00:00,27245.47,27271.05,27170.0,27234.2,2023-06-04 14:59:59.999000064
567,2023-06-04 15:00:00,27234.2,27244.58,27178.99,27179.0,2023-06-04 15:59:59.999000064
568,2023-06-04 16:00:00,27179.0,27197.98,27155.0,27170.66,2023-06-04 16:59:59.999000064
569,2023-06-04 17:00:00,27170.66,27210.41,27168.05,27176.76,2023-06-04 17:59:59.999000064
570,2023-06-04 18:00:00,27176.75,27209.03,27176.75,27194.18,2023-06-04 18:59:59.999000064
571,2023-06-04 19:00:00,27194.19,27222.0,27188.49,27213.11,2023-06-04 19:59:59.999000064
572,2023-06-04 20:00:00,27213.11,27269.09,27205.84,27241.51,2023-06-04 20:59:59.999000064
573,2023-06-04 21:00:00,27241.5,27280.0,27187.39,27194.57,2023-06-04 21:59:59.999000064
574,2023-06-04 22:00:00,27194.57,27455.02,27188.27,27234.06,2023-06-04 22:59:59.999000064
575,2023-06-04 23:00:00,27234.06,27319.84,27043.65,27115.21,2023-06-04 23:59:59.999000064
576,2023-06-05 00:00:00,27115.2,27129.33,26966.0,27024.76,2023-06-05 00:59:59.999000064
577,2023-06-05 01:00:00,27024.75,27054.97,26948.1,27047.14,2023-06-05 01:59:59.999000064
578,2023-06-05 02:00:00,27047.14,27079.05,26859.0,26922.71,2023-06-05 02:59:59.999000064
579,2023-06-05 03:00:00,26922.72,26924.81,26791.04,26843.58,2023-06-05 03:59:59.999000064
580,2023-06-05 04:00:00,26843.57,26870.54,26769.51,26837.0,2023-06-05 04:59:59.999000064
581,2023-06-05 05:00:00,26837.0,26837.91,26740.38,26816.7,2023-06-05 05:59:59.999000064
582,2023-06-05 06:00:00,26816.7,26834.63,26761.26,26765.34,2023-06-05 06:59:59.999000064
583,2023-06-05 07:00:00,26765.33,26832.38,26742.13,26829.99,2023-06-05 07:59:59.999000064
584,2023-06-05 08:00:00,26830.0,26840.77,26794.79,26798.64,2023-06-05 08:59:59.999000064
585,2023-06-05 09:00:00,26798.63,26825.09,26713.74,26776.99,2023-06-05 09:59:59.999000064
586,2023-06-05 10:00:00,26777.0,26792.7,26714.0,26716.8,2023-06-05 10:59:59.999000064
587,2023-06-05 11:00:00,26716.8,26799.66,26668.0,26773.39,2023-06-05 11:59:59.999000064
588,2023-06-05 12:00:00,26773.39,26782.63,26654.39,26690.76,2023-06-05 12:59:59.999000064
589,2023-06-05 13:00:00,26690.76,26765.3,26640.0,26728.64,2023-06-05 13:59:59.999000064
590,2023-06-05 14:00:00,26728.63,26817.61,26699.99,26802.21,2023-06-05 14:59:59.999000064
591,2023-06-05 15:00:00,26802.21,26809.59,26000.0,26007.53,2023-06-05 15:59:59.999000064
592,2023-06-05 16:00:00,26007.53,26074.51,25471.0,25809.05,2023-06-05 16:59:59.999000064
593,2023-06-05 17:00:00,25809.05,25809.7,25578.96,25756.28,2023-06-05 17:59:59.999000064
594,2023-06-05 18:00:00,25756.27,25756.28,25526.15,25564.43,2023-06-05 18:59:59.999000064
595,2023-06-05 19:00:00,25564.42,25637.82,25388.0,25629.99,2023-06-05 19:59:59.999000064
596,2023-06-05 20:00:00,25630.0,25680.01,25587.47,25631.16,2023-06-05 20:59:59.999000064
597,2023-06-05 21:00:00,25631.15,25685.84,25509.98,25658.35,2023-06-05 21:59:59.999000064
598,2023-06-05 22:00:00,25658.35,25774.9,25647.29,25710.73,2023-06-05 22:59:59.999000064
599,2023-06-05 23:00:00,25710.74,25858.42,25701.42,25728.2,2023-06-05 23:59:59.999000064
600,2023-06-06 00:00:00,25728.2,25756.34,25675.26,25690.89,2023-06-06 00:59:59.999000064
601,2023-06-06 01:00:00,25690.89,25695.59,25611.9,25640.01,2023-06-06 01:59:59.999000064
602,2023-06-06 02:00:00,25640.02,25801.09,25601.0,25764.76,2023-06-06 02:59:59.999000064
603,2023-06-06 03:00:00,25764.76,25764.76,25712.02,25730.83,2023-06-06 03:59:59.999000064
604,2023-06-06 04:00:00,25730.83,25806.6,25726.11,25797.65,2023-06-06 04:59:59.999000064
605,2023-06-06 05:00:00,25797.66,25821.41,25758.0,25769.95,2023-06-06 05:59:59.999000064
606,2023-06-06 06:00:00,25769.96,25807.63,25752.6,25766.21,2023-06-06 06:59:59.999000064
607,2023-06-06 07:00:00,25766.21,25809.9,25706.18,25722.33,2023-06-06 07:59:59.999000064
608,2023-06-06 08:00:00,25722.34,25746.03,25670.9,25707.8,2023-06-06 08:59:59.999000064
609,2023-06-06 09:00:00,25707.8,25789.71,25691.72,25750.76,2023-06-06 09:59:59.999000064
610,2023-06-06 10:00:00,25750.75,25797.0,25741.99,25742.36,2023-06-06 10:59:59.999000064
611,2023-06-06 11:00:00,25742.36,25749.17,25640.33,25686.64,2023-06-06 11:59:59.999000064
612,2023-06-06 12:00:00,25686.64,25737.23,25351.02,25533.41,2023-06-06 12:59:59.999000064
613,2023-06-06 13:00:00,25533.41,25784.31,25385.8,25735.2,2023-06-06 13:59:59.999000064
614,2023-06-06 14:00:00,25735.2,26111.15,25735.2,26024.73,2023-06-06 14:59:59.999000064
615,2023-06-06 15:00:00,26024.72,26143.69,25925.85,26066.11,2023-06-06 15:59:59.999000064
616,2023-06-06 16:00:00,26066.12,26401.0,26066.11,26369.99,2023-06-06 16:59:59.999000064
617,2023-06-06 17:00:00,26370.0,26780.0,26290.56,26669.16,2023-06-06 17:59:59.999000064
618,2023-06-06 18:00:00,26669.16,26782.52,26637.64,26698.08,2023-06-06 18:59:59.999000064
619,2023-06-06 19:00:00,26698.08,27216.89,26690.93,27080.13,2023-06-06 19:59:59.999000064
620,2023-06-06 20:00:00,27080.12,27222.0,26857.92,26944.98,2023-06-06 20:59:59.999000064
621,2023-06-06 21:00:00,26944.99,27092.82,26938.06,27057.03,2023-06-06 21:59:59.999000064
622,2023-06-06 22:00:00,27057.03,27188.46,27044.34,27152.65,2023-06-06 22:59:59.999000064
623,2023-06-06 23:00:00,27152.66,27355.33,27120.02,27230.08,2023-06-06 23:59:59.999000064
624,2023-06-07 00:00:00,27230.07,27391.77,27163.06,27179.8,2023-06-07 00:59:59.999000064
625,2023-06-07 01:00:00,27179.8,27222.14,27065.89,27085.83,2023-06-07 01:59:59.999000064
626,2023-06-07 02:00:00,27085.82,27093.95,26912.69,26943.69,2023-06-07 02:59:59.999000064
627,2023-06-07 03:00:00,26943.68,26967.88,26720.47,26909.01,2023-06-07 03:59:59.999000064
628,2023-06-07 04:00:00,26909.01,26965.0,26874.76,26933.12,2023-06-07 04:59:59.999000064
629,2023-06-07 05:00:00,26933.11,26980.04,26871.71,26912.99,2023-06-07 05:59:59.999000064
630,2023-06-07 06:00:00,26912.99,26943.9,26814.71,26829.3,2023-06-07 06:59:59.999000064
631,2023-06-07 07:00:00,26829.3,26899.99,26753.01,26795.87,2023-06-07 07:59:59.999000064
632,2023-06-07 08:00:00,26795.87,26840.9,26761.41,26816.47,2023-06-07 08:59:59.999000064
633,2023-06-07 09:00:00,26816.47,26816.47,26428.58,26486.28,2023-06-07 09:59:59.999000064
634,2023-06-07 10:00:00,26486.28,26629.99,26352.0,26595.74,2023-06-07 10:59:59.999000064
635,2023-06-07 11:00:00,26595.73,26968.0,26579.6,26896.14,2023-06-07 11:59:59.999000064
636,2023-06-07 12:00:00,26896.14,26932.1,26743.02,26802.35,2023-06-07 12:59:59.999000064
637,2023-06-07 13:00:00,26802.35,26864.26,26670.94,26818.62,2023-06-07 13:59:59.999000064
638,2023-06-07 14:00:00,26818.63,26818.63,26340.55,26443.57,2023-06-07 14:59:59.999000064
639,2023-06-07 15:00:00,26443.56,26679.03,26236.0,26349.52,2023-06-07 15:59:59.999000064
640,2023-06-07 16:00:00,26349.52,26439.34,26240.47,26329.16,2023-06-07 16:59:59.999000064
641,2023-06-07 17:00:00,26329.15,26553.78,26272.63,26507.04,2023-06-07 17:59:59.999000064
642,2023-06-07 18:00:00,26507.05,26530.08,26441.56,26472.94,2023-06-07 18:59:59.999000064
643,2023-06-07 19:00:00,26472.95,26531.05,26442.37,26482.42,2023-06-07 19:59:59.999000064
644,2023-06-07 20:00:00,26482.43,26493.3,26317.4,26359.93,2023-06-07 20:59:59.999000064
645,2023-06-07 21:00:00,26359.94,26457.23,26125.01,26156.0,2023-06-07 21:59:59.999000064
646,2023-06-07 22:00:00,26154.52,26373.33,26132.4,26275.9,2023-06-07 22:59:59.999000064
647,2023-06-07 23:00:00,26275.9,26364.95,26257.35,26339.34,2023-06-07 23:59:59.999000064
648,2023-06-08 00:00:00,26339.34,26440.49,26305.11,26390.01,2023-06-08 00:59:59.999000064
649,2023-06-08 01:00:00,26390.01,26470.0,26383.9,26443.6,2023-06-08 01:59:59.999000064
650,2023-06-08 02:00:00,26443.6,26446.0,26363.48,26386.51,2023-06-08 02:59:59.999000064
651,2023-06-08 03:00:00,26386.5,26386.51,26210.0,26344.17,2023-06-08 03:59:59.999000064
652,2023-06-08 04:00:00,26344.16,26428.06,26326.19,26400.97,2023-06-08 04:59:59.999000064
653,2023-06-08 05:00:00,26400.96,26435.22,26350.0,26377.51,2023-06-08 05:59:59.999000064
654,2023-06-08 06:00:00,26377.51,26495.01,26290.19,26427.34,2023-06-08 06:59:59.999000064
655,2023-06-08 07:00:00,26427.34,26523.93,26416.92,26444.69,2023-06-08 07:59:59.999000064
656,2023-06-08 08:00:00,26444.68,26463.99,26403.87,26441.54,2023-06-08 08:59:59.999000064
657,2023-06-08 09:00:00,26441.55,26444.18,26370.0,26385.06,2023-06-08 09:59:59.999000064
658,2023-06-08 10:00:00,26385.05,26496.1,26368.04,26484.77,2023-06-08 10:59:59.999000064
659,2023-06-08 11:00:00,26484.77,26504.94,26408.92,26432.0,2023-06-08 11:59:59.999000064
660,2023-06-08 12:00:00,26432.01,26575.95,26370.0,26462.9,2023-06-08 12:59:59.999000064
661,2023-06-08 13:00:00,26462.9,26479.0,26300.0,26400.93,2023-06-08 13:59:59.999000064
662,2023-06-08 14:00:00,26400.92,26686.87,26351.32,26648.55,2023-06-08 14:59:59.999000064
663,2023-06-08 15:00:00,26648.54,26810.0,26579.97,26721.68,2023-06-08 15:59:59.999000064
664,2023-06-08 16:00:00,26721.69,26732.24,26414.02,26498.4,2023-06-08 16:59:59.999000064
665,2023-06-08 17:00:00,26498.39,26515.12,26435.01,26485.0,2023-06-08 17:59:59.999000064
666,2023-06-08 18:00:00,26485.0,26571.99,26442.0,26550.0,2023-06-08 18:59:59.999000064
667,2023-06-08 19:00:00,26550.0,26564.38,26515.99,26539.9,2023-06-08 19:59:59.999000064
668,2023-06-08 20:00:00,26539.86,26649.97,26521.07,26637.3,2023-06-08 20:59:59.999000064
669,2023-06-08 21:00:00,26637.31,26644.51,26552.0,26573.42,2023-06-08 21:59:59.999000064
670,2023-06-08 22:00:00,26573.42,26601.77,26525.89,26544.38,2023-06-08 22:59:59.999000064
671,2023-06-08 23:00:00,26544.39,26553.53,26488.01,26498.61,2023-06-08 23:59:59.999000064
672,2023-06-09 00:00:00,26498.62,26509.72,26430.0,26456.95,2023-06-09 00:59:59.999000064
673,2023-06-09 01:00:00,26456.95,26596.58,26439.98,26504.21,2023-06-09 01:59:59.999000064
674,2023-06-09 02:00:00,26504.21,26537.18,26269.91,26457.51,2023-06-09 02:59:59.999000064
675,2023-06-09 03:00:00,26457.5,26501.75,26439.11,26483.7,2023-06-09 03:59:59.999000064
676,2023-06-09 04:00:00,26483.69,26507.11,26424.35,26491.38,2023-06-09 04:59:59.999000064
677,2023-06-09 05:00:00,26491.38,26533.3,26475.51,26504.54,2023-06-09 05:59:59.999000064
678,2023-06-09 06:00:00,26504.54,26576.55,26475.24,26492.93,2023-06-09 06:59:59.999000064
679,2023-06-09 07:00:00,26492.92,26500.0,26440.38,26493.43,2023-06-09 07:59:59.999000064
680,2023-06-09 08:00:00,26493.44,26650.0,26491.66,26642.37,2023-06-09 08:59:59.999000064
681,2023-06-09 09:00:00,26642.38,26685.43,26591.0,26639.03,2023-06-09 09:59:59.999000064
682,2023-06-09 10:00:00,26639.03,26675.82,26602.51,26635.4,2023-06-09 10:59:59.999000064
683,2023-06-09 11:00:00,26635.39,26644.96,26560.0,26610.19,2023-06-09 11:59:59.999000064
684,2023-06-09 12:00:00,26610.18,26699.99,26610.18,26673.76,2023-06-09 12:59:59.999000064
685,2023-06-09 13:00:00,26673.75,26783.33,26627.21,26634.65,2023-06-09 13:59:59.999000064
686,2023-06-09 14:00:00,26634.64,26712.52,26536.96,26594.64,2023-06-09 14:59:59.999000064
687,2023-06-09 15:00:00,26594.63,26633.76,26452.86,26477.37,2023-06-09 15:59:59.999000064
688,2023-06-09 16:00:00,26477.36,26529.54,26442.98,26482.84,2023-06-09 16:59:59.999000064
689,2023-06-09 17:00:00,26482.83,26515.0,26417.92,26496.06,2023-06-09 17:59:59.999000064
690,2023-06-09 18:00:00,26496.05,26516.71,26412.44,26450.0,2023-06-09 18:59:59.999000064
691,2023-06-09 19:00:00,26450.0,26490.0,26383.05,26407.15,2023-06-09 19:59:59.999000064
692,2023-06-09 20:00:00,26407.15,26470.0,26397.11,26451.16,2023-06-09 20:59:59.999000064
693,2023-06-09 21:00:00,26451.16,26499.5,26445.75,26479.52,2023-06-09 21:59:59.999000064
694,2023-06-09 22:00:00,26479.51,26500.0,26458.07,26492.69,2023-06-09 22:59:59.999000064
695,2023-06-09 23:00:00,26492.69,26498.17,26449.78,26477.81,2023-06-09 23:59:59.999000064
696,2023-06-10 00:00:00,26477.8,26487.26,26450.0,26459.99,2023-06-10 00:59:59.999000064
697,2023-06-10 01:00:00,26459.99,26533.87,26311.31,26396.93,2023-06-10 01:59:59.999000064
698,2023-06-10 02:00:00,26396.94,26437.08,26280.0,26326.92,2023-06-10 02:59:59.999000064
699,2023-06-10 03:00:00,26326.93,26365.74,26266.0,26323.07,2023-06-10 03:59:59.999000064
700,2023-06-10 04:00:00,26323.07,26349.17,25715.46,25765.28,2023-06-10 04:59:59.999000064
701,2023-06-10 05:00:00,25765.29,25808.12,25456.41,25518.06,2023-06-10 05:59:59.999000064
702,2023-06-10 06:00:00,25518.06,25638.93,25457.46,25538.81,2023-06-10 06:59:59.999000064
703,2023-06-10 07:00:00,25538.81,25743.8,25493.27,25651.09,2023-06-10 07:59:59.999000064
704,2023-06-10 08:00:00,25651.08,25750.25,25561.25,25669.07,2023-06-10 08:59:59.999000064
705,2023-06-10 09:00:00,25669.06,25682.78,25614.85,25651.88,2023-06-10 09:59:59.999000064
706,2023-06-10 10:00:00,25651.89,25701.68,25598.49,25698.31,2023-06-10 10:59:59.999000064
707,2023-06-10 11:00:00,25698.3,25739.29,25659.07,25731.4,2023-06-10 11:59:59.999000064
708,2023-06-10 12:00:00,25731.41,25731.41,25608.58,25616.18,2023-06-10 12:59:59.999000064
709,2023-06-10 13:00:00,25616.19,25679.06,25572.94,25657.49,2023-06-10 13:59:59.999000064
710,2023-06-10 14:00:00,25657.5,25706.57,25627.0,25668.34,2023-06-10 14:59:59.999000064
711,2023-06-10 15:00:00,25668.35,25679.93,25600.0,25628.8,2023-06-10 15:59:59.999000064
712,2023-06-10 16:00:00,25628.81,25649.5,25582.01,25588.67,2023-06-10 16:59:59.999000064
713,2023-06-10 17:00:00,25588.67,26154.0,25400.0,26022.34,2023-06-10 17:59:59.999000064
714,2023-06-10 18:00:00,26022.34,26043.49,25358.0,25547.28,2023-06-10 18:59:59.999000064
715,2023-06-10 19:00:00,25547.28,25750.95,25540.56,25750.0,2023-06-10 19:59:59.999000064
716,2023-06-10 20:00:00,25750.01,25873.54,25679.59,25751.25,2023-06-10 20:59:59.999000064
717,2023-06-10 21:00:00,25751.25,25829.72,25687.26,25761.28,2023-06-10 21:59:59.999000064
718,2023-06-10 22:00:00,25761.29,25932.02,25745.78,25875.16,2023-06-10 22:59:59.999000064
719,2023-06-10 23:00:00,25875.17,25892.38,25830.0,25841.21,2023-06-10 23:59:59.999000064
720,2023-06-11 00:00:00,25841.22,25850.0,25730.86,25750.28,2023-06-11 00:59:59.999000064
721,2023-06-11 01:00:00,25750.27,25864.32,25718.97,25824.99,2023-06-11 01:59:59.999000064
722,2023-06-11 02:00:00,25824.99,25827.93,25747.28,25766.72,2023-06-11 02:59:59.999000064
723,2023-06-11 03:00:00,25766.71,25770.0,25695.0,25727.51,2023-06-11 03:59:59.999000064
724,2023-06-11 04:00:00,25727.51,25759.99,25634.7,25727.74,2023-06-11 04:59:59.999000064
725,2023-06-11 05:00:00,25727.74,25834.59,25727.74,25819.1,2023-06-11 05:59:59.999000064
726,2023-06-11 06:00:00,25819.1,25823.91,25767.34,25786.49,2023-06-11 06:59:59.999000064
727,2023-06-11 07:00:00,25786.49,25796.88,25740.02,25741.33,2023-06-11 07:59:59.999000064
728,2023-06-11 08:00:00,25741.32,25768.54,25695.08,25740.2,2023-06-11 08:59:59.999000064
729,2023-06-11 09:00:00,25740.21,25772.97,25701.42,25706.26,2023-06-11 09:59:59.999000064
730,2023-06-11 10:00:00,25706.25,25795.27,25695.0,25774.08,2023-06-11 10:59:59.999000064
731,2023-06-11 11:00:00,25774.08,25842.44,25757.13,25796.06,2023-06-11 11:59:59.999000064
732,2023-06-11 12:00:00,25796.05,25798.72,25747.61,25750.0,2023-06-11 12:59:59.999000064
733,2023-06-11 13:00:00,25750.01,25776.13,25672.68,25703.33,2023-06-11 13:59:59.999000064
734,2023-06-11 14:00:00,25703.32,25806.11,25694.72,25753.19,2023-06-11 14:59:59.999000064
735,2023-06-11 15:00:00,25753.18,25778.08,25732.95,25751.36,2023-06-11 15:59:59.999000064
736,2023-06-11 16:00:00,25751.36,25953.24,25738.07,25868.39,2023-06-11 16:59:59.999000064
737,2023-06-11 17:00:00,25868.39,26080.74,25836.88,25941.63,2023-06-11 17:59:59.999000064
738,2023-06-11 18:00:00,25941.63,26047.58,25927.86,25975.0,2023-06-11 18:59:59.999000064
739,2023-06-11 19:00:00,25974.99,26106.66,25934.56,26030.89,2023-06-11 19:59:59.999000064
740,2023-06-11 20:00:00,26030.89,26206.88,26030.88,26123.68,2023-06-11 20:59:59.999000064
741,2023-06-11 21:00:00,26123.69,26139.78,25972.64,26046.37,2023-06-11 21:59:59.999000064
742,2023-06-11 22:00:00,26046.37,26070.0,25745.03,25895.8,2023-06-11 22:59:59.999000064
743,2023-06-11 23:00:00,25895.79,25938.8,25819.66,25925.55,2023-06-11 23:59:59.999000064
744,2023-06-12 00:00:00,25925.54,26028.5,25856.84,25965.13,2023-06-12 00:59:59.999000064
