,開倉時間,方向,開倉價格,槓桿倍數,爆倉價格,掛單價格,結果,平倉時間,獲利金額
0,2022-01-03 00:00:00,up,47340.47,10,42606.42,47540.47,Win,2022-01-03 00:00:00,1.27
1,2022-01-03 18:00:00,up,46984.56,10,42286.1,47184.56,Win,2022-01-03 18:00:00,1.28
2,2022-01-03 23:00:00,down,46874.53,10,51561.98,46674.53,Win,2022-01-03 23:00:00,1.28
3,2022-01-05 02:00:00,down,46555.0,10,51210.5,46355.0,Win,2022-01-05 02:00:00,1.29
4,2022-01-05 11:00:00,up,46296.96,10,41667.26,46496.96,Win,2022-01-05 11:00:00,1.3
5,2022-01-06 01:00:00,down,46301.62,10,50931.78,46101.62,Win,2022-01-06 01:00:00,1.3
6,2022-01-07 12:00:00,down,41803.11,10,45983.42,41603.11,Win,2022-01-07 12:00:00,1.44
7,2022-01-07 23:00:00,down,41894.4,10,46083.84,41694.4,Win,2022-01-07 23:00:00,1.43
8,2022-01-09 00:00:00,down,41609.6,10,45770.56,41409.6,Win,2022-01-09 00:00:00,1.44
9,2022-01-09 06:00:00,up,41769.03,10,37592.13,41969.03,Win,2022-01-09 06:00:00,1.44
10,2022-01-09 21:00:00,down,41746.98,10,45921.68,41546.98,Win,2022-01-09 21:00:00,1.44
11,2022-01-10 08:00:00,down,41864.62,10,46051.08,41664.62,Win,2022-01-10 08:00:00,1.43
12,2022-01-11 04:00:00,up,41297.15,10,37167.43,41497.15,Win,2022-01-11 04:00:00,1.45
13,2022-01-11 18:00:00,down,41984.79,10,46183.27,41784.79,Win,2022-01-11 18:00:00,1.43
14,2022-01-12 20:00:00,up,42935.92,10,38642.33,43135.92,Win,2022-01-12 20:00:00,1.4
15,2022-01-15 20:00:00,down,43017.59,10,47319.35,42817.59,Win,2022-01-15 20:00:00,1.39
16,2022-01-15 23:00:00,up,43186.47,10,38867.82,43386.47,Win,2022-01-15 23:00:00,1.39
17,2022-01-16 22:00:00,up,43129.54,10,38816.59,43329.54,Win,2022-01-16 22:00:00,1.39
18,2022-01-17 03:00:00,down,43066.79,10,47373.47,42866.79,Win,2022-01-17 03:00:00,1.39
19,2022-01-18 09:00:00,up,42361.8,10,38125.62,42561.8,Win,2022-01-19 06:00:00,1.42
20,2022-01-18 16:00:00,down,42065.42,10,46271.96,41865.42,Win,2022-01-18 16:00:00,1.43
21,2022-01-19 14:00:00,down,41765.99,10,45942.59,41565.99,Win,2022-01-19 15:00:00,1.44
22,2022-01-19 20:00:00,up,42033.0,10,37829.7,42233.0,Win,2022-01-19 20:00:00,1.43
23,2022-01-20 04:00:00,down,41872.45,10,46059.69,41672.45,Win,2022-01-20 04:00:00,1.43
24,2022-01-20 11:00:00,up,41983.26,10,37784.93,42183.26,Win,2022-01-20 19:00:00,1.43
25,2022-01-22 00:00:00,up,38857.24,10,34971.52,39057.24,Win,2022-01-22 00:00:00,1.54
26,2022-01-22 05:00:00,down,38350.62,10,42185.68,38150.62,Win,2022-01-22 05:00:00,1.56
27,2022-01-24 02:00:00,down,35332.59,10,38865.85,35132.59,Win,2022-01-24 02:00:00,1.7
28,2022-01-24 06:00:00,up,35346.15,10,31811.53,35546.15,Win,2022-01-24 07:00:00,1.7
29,2022-01-24 12:00:00,down,35338.25,10,38872.07,35138.25,Win,2022-01-24 12:00:00,1.7
30,2022-01-25 01:00:00,up,34417.75,10,30975.97,34617.75,Win,2022-01-25 01:00:00,1.74
31,2022-01-25 15:00:00,down,35843.89,10,39428.28,35643.89,Win,2022-01-27 11:00:00,1.67
32,2022-01-25 18:00:00,up,36409.42,10,32768.48,36609.42,Win,2022-01-25 18:00:00,1.65
33,2022-01-26 00:00:00,up,36530.0,10,32877.0,36730.0,Win,2022-01-26 00:00:00,1.64
34,2022-01-26 12:00:00,up,37389.77,10,33650.79,37589.77,Win,2022-01-26 12:00:00,1.6
35,2022-01-27 19:00:00,up,36318.22,10,32686.4,36518.22,Win,2022-01-27 19:00:00,1.65
36,2022-01-28 04:00:00,down,36209.19,10,39830.11,36009.19,Win,2022-01-28 04:00:00,1.66
37,2022-01-28 17:00:00,down,36658.46,10,40324.31,36458.46,Win,2022-01-28 17:00:00,1.64
38,2022-01-28 23:00:00,up,36759.65,10,33083.68,36959.65,Win,2022-01-28 23:00:00,1.63
39,2022-01-29 21:00:00,up,37847.57,10,34062.81,38047.57,Win,2022-01-29 21:00:00,1.59
40,2022-01-30 04:00:00,up,37853.0,10,34067.7,38053.0,Win,2022-01-30 04:00:00,1.59
41,2022-01-31 18:00:00,up,37212.53,10,33491.28,37412.53,Win,2022-01-31 20:00:00,1.61
42,2022-02-01 15:00:00,down,38285.01,10,42113.51,38085.01,Win,2022-02-01 18:00:00,1.57
43,2022-02-01 21:00:00,up,38650.01,10,34785.01,38850.01,Win,2022-02-01 21:00:00,1.55
44,2022-02-02 00:00:00,up,38630.32,10,34767.29,38830.32,Win,2022-02-02 00:00:00,1.55
45,2022-02-03 15:00:00,up,36924.01,10,33231.61,37124.01,Win,2022-02-04 07:00:00,1.62
46,2022-02-03 18:00:00,down,36614.9,10,40276.39,36414.9,Win,2022-02-03 18:00:00,1.64
47,2022-02-08 13:00:00,up,44362.02,10,39925.82,44562.02,Win,2022-02-08 13:00:00,1.35
48,2022-02-09 06:00:00,up,44180.0,10,39762.0,44380.0,Win,2022-02-09 21:00:00,1.36
49,2022-02-09 20:00:00,up,43715.46,10,39343.91,43915.46,Win,2022-02-09 20:00:00,1.37
50,2022-02-10 18:00:00,up,44400.0,10,39960.0,44600.0,Win,2022-02-10 18:00:00,1.35
51,2022-02-11 04:00:00,down,44373.95,10,48811.34,44173.95,Win,2022-02-11 04:00:00,1.35
52,2022-02-11 19:00:00,up,43443.78,10,39099.4,43643.78,Win,2022-02-11 20:00:00,1.38
53,2022-02-14 02:00:00,down,42267.39,10,46494.13,42067.39,Win,2022-02-14 02:00:00,1.42
54,2022-02-14 15:00:00,up,42184.54,10,37966.09,42384.54,Win,2022-02-14 16:00:00,1.42
55,2022-02-15 04:00:00,down,42119.31,10,46331.24,41919.31,Win,2022-02-17 22:00:00,1.42
56,2022-02-17 05:00:00,up,44093.62,10,39684.26,44293.62,Lose,2022-02-18 22:00:00,0
57,2022-02-20 12:00:00,down,39794.59,10,43774.05,39594.59,Win,2022-02-20 12:00:00,1.51
58,2022-02-21 02:00:00,up,38279.31,10,34451.38,38479.31,Win,2022-02-21 06:00:00,1.57
59,2022-02-21 19:00:00,down,38294.5,10,42123.95,38094.5,Win,2022-02-21 19:00:00,1.57
60,2022-02-22 00:00:00,up,38827.93,10,34945.14,39027.93,Win,2022-02-22 00:00:00,1.55
61,2022-02-22 02:00:00,down,38527.66,10,42380.43,38327.66,Win,2022-02-22 02:00:00,1.56
62,2022-02-22 17:00:00,up,37108.85,10,33397.96,37308.85,Win,2022-02-22 17:00:00,1.62
63,2022-02-24 21:00:00,up,35255.86,10,31730.27,35455.86,Win,2022-02-24 21:00:00,1.7
64,2022-02-27 17:00:00,up,38807.2,10,34926.48,39007.2,Win,2022-02-27 17:00:00,1.55
65,2022-02-28 02:00:00,down,38969.7,10,42866.67,38769.7,Win,2022-02-28 03:00:00,1.54
66,2022-02-28 15:00:00,up,37979.67,10,34181.7,38179.67,Win,2022-02-28 15:00:00,1.58
67,2022-03-03 21:00:00,up,43558.82,10,39202.94,43758.82,Win,2022-03-03 21:00:00,1.38
68,2022-03-03 23:00:00,down,43425.18,10,47767.7,43225.18,Win,2022-03-03 23:00:00,1.38
69,2022-03-04 17:00:00,up,41590.0,10,37431.0,41790.0,Win,2022-03-04 17:00:00,1.44
70,2022-03-04 23:00:00,down,41106.91,10,45217.6,40906.91,Win,2022-03-04 23:00:00,1.46
71,2022-03-05 14:00:00,up,39007.06,10,35106.35,39207.06,Win,2022-03-05 19:00:00,1.54
72,2022-03-06 17:00:00,down,39141.42,10,43055.56,38941.42,Win,2022-03-06 17:00:00,1.53
73,2022-03-07 00:00:00,up,38862.62,10,34976.36,39062.62,Win,2022-03-07 00:00:00,1.54
74,2022-03-07 08:00:00,down,38420.8,10,42262.88,38220.8,Win,2022-03-07 08:00:00,1.56
75,2022-03-07 18:00:00,up,38152.19,10,34336.97,38352.19,Win,2022-03-07 19:00:00,1.57
76,2022-03-08 03:00:00,down,37979.79,10,41777.77,37779.79,Win,2022-03-08 03:00:00,1.58
77,2022-03-08 09:00:00,up,38199.99,10,34379.99,38399.99,Win,2022-03-08 09:00:00,1.57
78,2022-03-09 00:00:00,down,38658.34,10,42524.17,38458.34,Win,2022-03-09 00:00:00,1.55
79,2022-03-09 04:00:00,down,38764.87,10,42641.36,38564.87,Win,2022-03-09 04:00:00,1.55
80,2022-03-09 09:00:00,up,38951.8,10,35056.62,39151.8,Win,2022-03-09 09:00:00,1.54
81,2022-03-11 10:00:00,down,38679.23,10,42547.15,38479.23,Win,2022-03-11 10:00:00,1.55
82,2022-03-12 02:00:00,down,38815.79,10,42697.37,38615.79,Win,2022-03-12 03:00:00,1.55
83,2022-03-13 17:00:00,down,39066.85,10,42973.53,38866.85,Win,2022-03-13 17:00:00,1.54
84,2022-03-14 02:00:00,up,38944.97,10,35050.47,39144.97,Win,2022-03-14 15:00:00,1.54
85,2022-03-14 04:00:00,down,38869.02,10,42755.92,38669.02,Win,2022-03-14 04:00:00,1.54
86,2022-03-14 13:00:00,up,38519.86,10,34667.87,38719.86,Win,2022-03-14 14:00:00,1.56
87,2022-03-15 04:00:00,down,38814.18,10,42695.6,38614.18,Win,2022-03-15 05:00:00,1.55
88,2022-03-15 11:00:00,down,38984.01,10,42882.41,38784.01,Win,2022-03-15 11:00:00,1.54
89,2022-03-15 22:00:00,up,38717.01,10,34845.31,38917.01,Win,2022-03-15 22:00:00,1.55
90,2022-03-16 13:00:00,down,39113.84,10,43025.22,38913.84,Lose,2022-03-22 12:00:00,0
91,2022-03-17 04:00:00,up,40880.17,10,36792.15,41080.17,Win,2022-03-17 04:00:00,1.47
92,2022-03-18 23:00:00,up,40566.35,10,36509.71,40766.35,Win,2022-03-18 23:00:00,1.48
93,2022-03-19 14:00:00,down,41737.2,10,45910.92,41537.2,Win,2022-03-19 15:00:00,1.44
94,2022-03-20 04:00:00,up,42034.87,10,37831.38,42234.87,Win,2022-03-20 04:00:00,1.43
95,2022-03-21 16:00:00,up,41102.0,10,36991.8,41302.0,Win,2022-03-21 16:00:00,1.46
96,2022-03-23 00:00:00,down,42573.8,10,46831.18,42373.8,Win,2022-03-23 03:00:00,1.41
97,2022-03-23 23:00:00,up,42392.81,10,38153.53,42592.81,Win,2022-03-23 23:00:00,1.42
98,2022-03-24 02:00:00,down,42160.33,10,46376.36,41960.33,Lose,2022-03-28 04:00:00,0
99,2022-03-24 05:00:00,up,42349.72,10,38114.75,42549.72,Win,2022-03-24 06:00:00,1.42
100,2022-03-24 20:00:00,down,42968.42,10,47265.26,42768.42,Win,2022-03-24 20:00:00,1.4
101,2022-03-25 20:00:00,up,44585.28,10,40126.75,44785.28,Win,2022-03-25 20:00:00,1.35
102,2022-03-27 05:00:00,up,44571.93,10,40114.74,44771.93,Win,2022-03-27 10:00:00,1.35
103,2022-03-27 17:00:00,down,44604.48,10,49064.93,44404.48,Win,2022-04-01 10:00:00,1.35
104,2022-03-27 23:00:00,up,44614.36,10,40152.92,44814.36,Win,2022-03-27 23:00:00,1.34
105,2022-03-28 21:00:00,up,47210.53,10,42489.48,47410.53,Win,2022-03-28 21:00:00,1.27
106,2022-03-31 03:00:00,down,47130.02,10,51843.02,46930.02,Win,2022-03-31 03:00:00,1.27
107,2022-03-31 12:00:00,down,47095.55,10,51805.11,46895.55,Win,2022-03-31 22:00:00,1.27
108,2022-03-31 22:00:00,down,46913.13,10,51604.44,46713.13,Win,2022-03-31 22:00:00,1.28
109,2022-04-01 16:00:00,up,45015.68,10,40514.11,45215.68,Win,2022-04-01 16:00:00,1.33
110,2022-04-03 13:00:00,up,46364.18,10,41727.76,46564.18,Win,2022-04-03 14:00:00,1.29
111,2022-04-04 08:00:00,down,46407.36,10,51048.1,46207.36,Win,2022-04-04 08:00:00,1.29
112,2022-04-05 04:00:00,up,45925.77,10,41333.19,46125.77,Win,2022-04-05 04:00:00,1.31
113,2022-04-08 20:00:00,down,43298.79,10,47628.67,43098.79,Win,2022-04-08 20:00:00,1.39
114,2022-04-08 23:00:00,up,43750.15,10,39375.14,43950.15,Win,2022-04-08 23:00:00,1.37
115,2022-04-09 01:00:00,down,43433.71,10,47777.08,43233.71,Win,2022-04-09 01:00:00,1.38
116,2022-04-09 15:00:00,up,42440.01,10,38196.01,42640.01,Win,2022-04-10 07:00:00,1.41
117,2022-04-10 18:00:00,down,42523.94,10,46776.33,42323.94,Win,2022-04-11 06:00:00,1.41
118,2022-04-10 20:00:00,down,42680.35,10,46948.38,42480.35,Win,2022-04-11 06:00:00,1.41
119,2022-04-11 06:00:00,down,42706.71,10,46977.38,42506.71,Win,2022-04-11 06:00:00,1.4
120,2022-04-12 12:00:00,up,39747.14,10,35772.43,39947.14,Win,2022-04-12 12:00:00,1.51
121,2022-04-13 03:00:00,down,39667.85,10,43634.63,39467.85,Win,2022-04-13 03:00:00,1.51
122,2022-04-13 20:00:00,down,39722.63,10,43694.89,39522.63,Win,2022-04-18 12:00:00,1.51
123,2022-04-15 11:00:00,up,40017.19,10,36015.47,40217.19,Win,2022-04-15 12:00:00,1.5
124,2022-04-16 15:00:00,down,40419.52,10,44461.47,40219.52,Win,2022-04-16 23:00:00,1.48
125,2022-04-17 06:00:00,up,40485.28,10,36436.75,40685.28,Win,2022-04-17 06:00:00,1.48
126,2022-04-18 21:00:00,up,39400.01,10,35460.01,39600.01,Win,2022-04-18 21:00:00,1.52
127,2022-04-19 17:00:00,down,40725.91,10,44798.5,40525.91,Win,2022-04-22 06:00:00,1.47
128,2022-04-19 21:00:00,up,40975.12,10,36877.61,41175.12,Win,2022-04-19 21:00:00,1.46
129,2022-04-20 19:00:00,up,41821.37,10,37639.23,42021.37,Win,2022-04-20 19:00:00,1.43
130,2022-04-21 11:00:00,up,41623.24,10,37460.92,41823.24,Win,2022-04-21 15:00:00,1.44
131,2022-04-22 01:00:00,down,41814.92,10,45996.41,41614.92,Win,2022-04-22 01:00:00,1.43
132,2022-04-22 22:00:00,down,40244.96,10,44269.46,40044.96,Win,2022-04-22 22:00:00,1.49
133,2022-04-23 06:00:00,up,39615.22,10,35653.7,39815.22,Win,2022-04-23 07:00:00,1.51
134,2022-04-24 09:00:00,down,39560.55,10,43516.61,39360.55,Win,2022-04-24 21:00:00,1.52
135,2022-04-24 21:00:00,down,39582.38,10,43540.62,39382.38,Win,2022-04-24 21:00:00,1.52
136,2022-04-25 00:00:00,down,39656.49,10,43622.14,39456.49,Win,2022-04-25 00:00:00,1.51
137,2022-04-25 03:00:00,up,39661.56,10,35695.4,39861.56,Win,2022-04-26 02:00:00,1.51
138,2022-04-25 22:00:00,up,38735.61,10,34862.05,38935.61,Win,2022-04-25 22:00:00,1.55
139,2022-04-27 13:00:00,up,38410.93,10,34569.84,38610.93,Win,2022-04-27 14:00:00,1.56
140,2022-04-30 09:00:00,up,38639.96,10,34775.96,38839.96,Win,2022-05-02 12:00:00,1.55
141,2022-05-01 01:00:00,down,38426.31,10,42268.94,38226.31,Win,2022-05-01 01:00:00,1.56
142,2022-05-01 07:00:00,down,38250.43,10,42075.47,38050.43,Win,2022-05-01 07:00:00,1.57
143,2022-05-01 14:00:00,up,38060.06,10,34254.05,38260.06,Win,2022-05-01 23:00:00,1.58
144,2022-05-02 19:00:00,down,38711.87,10,42583.06,38511.87,Win,2022-05-02 19:00:00,1.55
145,2022-05-04 11:00:00,up,37962.62,10,34166.36,38162.62,Win,2022-05-04 14:00:00,1.58
146,2022-05-06 13:00:00,up,36435.43,10,32791.89,36635.43,Lose,2022-05-09 18:00:00,0
147,2022-05-08 05:00:00,down,35785.69,10,39364.26,35585.69,Win,2022-05-08 05:00:00,1.68
148,2022-05-08 19:00:00,up,34730.94,10,31257.85,34930.94,Lose,2022-05-10 01:00:00,0
149,2022-05-09 01:00:00,down,34383.18,10,37821.5,34183.18,Win,2022-05-09 01:00:00,1.75
150,2022-05-09 10:00:00,down,34053.6,10,37458.96,33853.6,Win,2022-05-09 10:00:00,1.76
151,2022-05-10 11:00:00,up,31041.99,10,27937.79,31241.99,Win,2022-05-10 12:00:00,1.93
152,2022-05-11 05:00:00,down,31009.28,10,34110.21,30809.28,Win,2022-05-11 05:00:00,1.93
153,2022-05-11 15:00:00,down,30498.04,10,33547.84,30298.04,Win,2022-05-11 15:00:00,1.97
154,2022-05-11 22:00:00,up,31228.05,10,28105.24,31428.05,Win,2022-05-11 22:00:00,1.92
155,2022-05-12 00:00:00,down,30977.61,10,34075.37,30777.61,Win,2022-05-12 00:00:00,1.94
156,2022-05-12 18:00:00,up,28061.74,10,25255.57,28261.74,Win,2022-05-12 18:00:00,2.14
157,2022-05-14 00:00:00,down,30340.0,10,33374.0,30140.0,Win,2022-05-14 00:00:00,1.98
158,2022-05-15 01:00:00,up,29351.5,10,26416.35,29551.5,Win,2022-05-15 01:00:00,2.04
159,2022-05-16 11:00:00,down,30496.36,10,33546.0,30296.36,Win,2022-05-16 11:00:00,1.97
160,2022-05-17 05:00:00,up,29943.47,10,26949.12,30143.47,Win,2022-05-17 05:00:00,2.0
161,2022-05-18 07:00:00,up,30351.46,10,27316.31,30551.46,Win,2022-05-18 07:00:00,1.98
162,2022-05-19 11:00:00,up,29167.97,10,26251.17,29367.97,Win,2022-05-19 14:00:00,2.06
163,2022-05-20 12:00:00,down,30175.04,10,33192.54,29975.04,Win,2022-05-20 14:00:00,1.99
164,2022-05-21 12:00:00,up,29258.17,10,26332.35,29458.17,Win,2022-05-21 15:00:00,2.05
165,2022-05-22 12:00:00,down,29363.5,10,32299.85,29163.5,Win,2022-05-24 03:00:00,2.04
166,2022-05-23 14:00:00,up,30301.46,10,27271.31,30501.46,Win,2022-05-23 14:00:00,1.98
167,2022-05-24 22:00:00,down,28960.87,10,31856.96,28760.87,Win,2022-05-24 22:00:00,2.07
168,2022-05-25 19:00:00,down,29724.27,10,32696.7,29524.27,Win,2022-05-25 19:00:00,2.02
169,2022-05-26 05:00:00,up,29792.25,10,26813.03,29992.25,Win,2022-05-30 10:00:00,2.01
170,2022-05-26 11:00:00,up,29809.56,10,26828.6,30009.56,Win,2022-05-30 10:00:00,2.01
171,2022-05-27 00:00:00,up,29393.1,10,26453.79,29593.1,Win,2022-05-27 00:00:00,2.04
172,2022-05-27 08:00:00,down,29201.35,10,32121.49,29001.35,Win,2022-05-27 09:00:00,2.05
173,2022-05-28 00:00:00,down,28850.46,10,31735.51,28650.46,Win,2022-05-28 01:00:00,2.08
174,2022-05-28 06:00:00,up,28718.71,10,25846.84,28918.71,Win,2022-05-28 13:00:00,2.09
175,2022-05-29 10:00:00,down,28925.85,10,31818.43,28725.85,Lose,2022-05-31 05:00:00,0
176,2022-05-30 03:00:00,down,29165.95,10,32082.55,28965.95,Lose,2022-05-31 05:00:00,0
177,2022-06-02 14:00:00,up,29875.72,10,26888.15,30075.72,Win,2022-06-02 15:00:00,2.01
178,2022-06-03 18:00:00,down,30249.99,10,33274.99,30049.99,Win,2022-06-03 18:00:00,1.98
179,2022-06-04 06:00:00,up,29807.1,10,26826.39,30007.1,Win,2022-06-06 00:00:00,2.01
180,2022-06-05 15:00:00,down,29729.71,10,32702.68,29529.71,Win,2022-06-07 09:00:00,2.02
181,2022-06-07 23:00:00,up,29908.72,10,26917.85,30108.72,Win,2022-06-08 02:00:00,2.01
182,2022-06-08 12:00:00,down,30026.71,10,33029.38,29826.71,Win,2022-06-10 08:00:00,2.0
183,2022-06-09 13:00:00,up,30267.46,10,27240.71,30467.46,Win,2022-06-09 15:00:00,1.98
184,2022-06-09 21:00:00,down,30112.87,10,33124.16,29912.87,Win,2022-06-10 08:00:00,1.99
185,2022-06-10 01:00:00,up,30351.94,10,27316.75,30551.94,Lose,2022-06-12 10:00:00,0
186,2022-06-10 02:00:00,down,30323.54,10,33355.89,30123.54,Win,2022-06-10 03:00:00,1.98
187,2022-06-10 13:00:00,up,30093.0,10,27083.7,30293.0,Lose,2022-06-12 22:00:00,0
188,2022-06-10 17:00:00,down,30020.8,10,33022.88,29820.8,Win,2022-06-10 20:00:00,2.0
189,2022-06-11 09:00:00,up,29233.79,10,26310.41,29433.79,Win,2022-06-11 13:00:00,2.05
190,2022-06-11 19:00:00,down,28922.01,10,31814.21,28722.01,Win,2022-06-11 19:00:00,2.07
191,2022-06-12 10:00:00,down,28244.7,10,31069.17,28044.7,Win,2022-06-12 10:00:00,2.12
192,2022-06-13 06:00:00,down,27369.35,10,30106.28,27169.35,Win,2022-06-13 06:00:00,2.19
193,2022-06-14 08:00:00,down,22485.27,10,24733.8,22285.27,Win,2022-06-14 08:00:00,2.67
194,2022-06-15 12:00:00,down,21455.8,10,23601.38,21255.8,Win,2022-06-15 12:00:00,2.8
195,2022-06-15 20:00:00,up,21177.04,10,19059.34,21377.04,Win,2022-06-15 20:00:00,2.83
196,2022-06-16 15:00:00,down,21797.51,10,23977.26,21597.51,Win,2022-06-16 17:00:00,2.75
197,2022-06-18 02:00:00,down,20592.59,10,22651.85,20392.59,Win,2022-06-18 06:00:00,2.91
198,2022-06-18 06:00:00,down,20554.16,10,22609.58,20354.16,Win,2022-06-18 10:00:00,2.92
199,2022-06-18 09:00:00,down,20569.14,10,22626.05,20369.14,Win,2022-06-18 10:00:00,2.92
200,2022-06-18 14:00:00,down,20424.04,10,22466.44,20224.04,Win,2022-06-18 14:00:00,2.94
201,2022-06-20 11:00:00,down,19946.17,10,21940.79,19746.17,Win,2022-06-30 14:00:00,3.01
202,2022-06-20 17:00:00,up,20568.23,10,18511.41,20768.23,Win,2022-06-20 17:00:00,2.92
203,2022-06-21 13:00:00,up,20656.17,10,18590.55,20856.17,Win,2022-06-21 13:00:00,2.9
204,2022-06-22 02:00:00,down,21242.93,10,23367.22,21042.93,Win,2022-06-22 03:00:00,2.82
205,2022-06-22 21:00:00,up,20365.49,10,18328.94,20565.49,Win,2022-06-22 21:00:00,2.95
206,2022-06-23 00:00:00,down,20080.85,10,22088.93,19880.85,Win,2022-06-23 00:00:00,2.99
207,2022-06-24 00:00:00,down,20351.91,10,22387.1,20151.91,Win,2022-06-29 13:00:00,2.95
208,2022-06-24 15:00:00,down,20842.16,10,22926.38,20642.16,Win,2022-06-27 22:00:00,2.88
209,2022-06-24 20:00:00,up,21169.53,10,19052.58,21369.53,Win,2022-06-24 20:00:00,2.83
210,2022-06-25 05:00:00,up,21200.41,10,19080.37,21400.41,Win,2022-06-25 06:00:00,2.83
211,2022-06-25 15:00:00,up,21303.61,10,19173.25,21503.61,Win,2022-06-25 15:00:00,2.82
212,2022-06-26 05:00:00,up,21226.14,10,19103.53,21426.14,Win,2022-06-26 05:00:00,2.83
213,2022-06-27 15:00:00,up,21267.59,10,19140.83,21467.59,Win,2022-06-27 16:00:00,2.82
214,2022-06-27 21:00:00,down,21235.84,10,23359.42,21035.84,Win,2022-06-27 21:00:00,2.83
215,2022-06-28 13:00:00,up,20771.58,10,18694.42,20971.58,Win,2022-06-28 16:00:00,2.89
216,2022-06-29 00:00:00,down,20606.4,10,22667.04,20406.4,Win,2022-06-29 02:00:00,2.91
217,2022-06-30 14:00:00,down,20001.75,10,22001.92,19801.75,Win,2022-06-30 14:00:00,3.0
218,2022-07-01 18:00:00,down,19424.45,10,21366.9,19224.45,Win,2022-07-01 18:00:00,3.09
219,2022-07-02 01:00:00,up,19347.97,10,17413.17,19547.97,Win,2022-07-02 04:00:00,3.1
220,2022-07-02 07:00:00,down,19300.62,10,21230.68,19100.62,Win,2022-07-02 11:00:00,3.11
221,2022-07-03 13:00:00,down,19263.58,10,21189.94,19063.58,Win,2022-07-03 13:00:00,3.11
222,2022-07-04 10:00:00,down,19226.59,10,21149.25,19026.59,Lose,2022-07-08 00:00:00,0
223,2022-07-06 03:00:00,up,20117.49,10,18105.74,20317.49,Win,2022-07-06 03:00:00,2.98
224,2022-07-06 10:00:00,down,19877.48,10,21865.23,19677.48,Lose,2022-07-08 09:00:00,0
225,2022-07-06 17:00:00,up,20184.36,10,18165.92,20384.36,Win,2022-07-07 01:00:00,2.97
226,2022-07-07 22:00:00,up,20539.87,10,18485.88,20739.87,Win,2022-07-07 22:00:00,2.92
227,2022-07-10 01:00:00,up,21693.15,10,19523.84,21893.15,Win,2022-07-10 01:00:00,2.77
228,2022-07-11 18:00:00,up,20549.18,10,18494.26,20749.18,Win,2022-07-11 21:00:00,2.92
229,2022-07-12 06:00:00,down,20239.42,10,22263.36,20039.42,Win,2022-07-12 06:00:00,2.96
230,2022-07-13 04:00:00,down,19398.74,10,21338.61,19198.74,Win,2022-07-13 20:00:00,3.09
231,2022-07-14 16:00:00,down,19990.72,10,21989.79,19790.72,Win,2022-07-14 16:00:00,3.0
232,2022-07-14 23:00:00,up,19895.57,10,17906.01,20095.57,Win,2022-07-14 23:00:00,3.02
233,2022-07-15 15:00:00,up,20603.22,10,18542.9,20803.22,Win,2022-07-15 15:00:00,2.91
234,2022-07-16 03:00:00,up,21034.13,10,18930.72,21234.13,Win,2022-07-17 00:00:00,2.85
235,2022-07-16 22:00:00,up,20839.6,10,18755.64,21039.6,Win,2022-07-17 00:00:00,2.88
236,2022-07-18 11:00:00,up,21336.55,10,19202.9,21536.55,Win,2022-07-18 13:00:00,2.81
237,2022-07-19 02:00:00,down,21876.3,10,24063.93,21676.3,Win,2022-07-19 03:00:00,2.74
238,2022-07-19 21:00:00,up,22175.5,10,19957.95,22375.5,Win,2022-07-19 21:00:00,2.71
239,2022-07-20 22:00:00,up,23781.35,10,21403.22,23981.35,Win,2022-07-20 22:00:00,2.52
240,2022-07-22 01:00:00,up,23031.27,10,20728.14,23231.27,Win,2022-07-22 04:00:00,2.61
241,2022-07-23 01:00:00,down,23110.53,10,25421.58,22910.53,Win,2022-07-23 01:00:00,2.6
242,2022-07-24 05:00:00,up,22323.02,10,20090.72,22523.02,Win,2022-07-24 07:00:00,2.69
243,2022-07-25 07:00:00,down,22661.22,10,24927.34,22461.22,Win,2022-07-25 08:00:00,2.65
244,2022-07-26 07:00:00,down,21661.66,10,23827.83,21461.66,Win,2022-07-26 07:00:00,2.77
245,2022-07-28 16:00:00,down,22925.1,10,25217.61,22725.1,Win,2022-07-28 20:00:00,2.62
246,2022-07-29 00:00:00,up,23747.85,10,21373.06,23947.85,Win,2022-07-29 01:00:00,2.53
247,2022-07-30 20:00:00,up,23956.38,10,21560.74,24156.38,Win,2022-07-30 20:00:00,2.5
248,2022-07-31 04:00:00,down,23923.74,10,26316.11,23723.74,Win,2022-07-31 06:00:00,2.51
249,2022-08-01 06:00:00,down,23591.06,10,25950.17,23391.06,Win,2022-08-01 06:00:00,2.54
250,2022-08-02 01:00:00,down,23198.94,10,25518.83,22998.94,Win,2022-08-02 01:00:00,2.59
251,2022-08-02 11:00:00,down,22912.95,10,25204.25,22712.95,Win,2022-08-02 17:00:00,2.62
252,2022-08-02 19:00:00,up,22858.17,10,20572.35,23058.17,Win,2022-08-02 22:00:00,2.62
253,2022-08-03 09:00:00,down,22793.57,10,25072.93,22593.57,Win,2022-08-05 00:00:00,2.63
254,2022-08-03 14:00:00,up,22915.59,10,20624.03,23115.59,Win,2022-08-03 16:00:00,2.62
255,2022-08-04 06:00:00,down,23267.83,10,25594.61,23067.83,Win,2022-08-04 06:00:00,2.58
256,2022-08-05 09:00:00,up,22632.0,10,20368.8,22832.0,Win,2022-08-05 09:00:00,2.65
257,2022-08-06 00:00:00,down,22988.26,10,25287.09,22788.26,Win,2022-08-06 02:00:00,2.61
258,2022-08-06 06:00:00,up,23106.58,10,20795.92,23306.58,Win,2022-08-06 07:00:00,2.6
259,2022-08-07 19:00:00,up,22998.69,10,20698.82,23198.69,Win,2022-08-08 01:00:00,2.61
260,2022-08-13 00:00:00,up,23979.58,10,21581.62,24179.58,Win,2022-08-13 02:00:00,2.5
261,2022-08-14 13:00:00,up,24567.46,10,22110.71,24767.46,Win,2022-08-14 15:00:00,2.44
262,2022-08-15 09:00:00,up,24400.97,10,21960.87,24600.97,Win,2022-08-15 09:00:00,2.46
263,2022-08-15 15:00:00,down,24135.23,10,26548.75,23935.23,Win,2022-08-15 16:00:00,2.49
264,2022-08-16 08:00:00,up,24093.04,10,21683.74,24293.04,Win,2022-08-17 14:00:00,2.49
265,2022-08-16 22:00:00,down,23896.55,10,26286.2,23696.55,Win,2022-08-16 22:00:00,2.51
266,2022-08-17 17:00:00,down,23808.54,10,26189.39,23608.54,Win,2022-08-17 20:00:00,2.52
267,2022-08-18 09:00:00,up,23456.27,10,21110.64,23656.27,Lose,2022-08-20 05:00:00,0
268,2022-08-19 02:00:00,down,23271.57,10,25598.73,23071.57,Win,2022-08-19 08:00:00,2.58
269,2022-08-19 07:00:00,down,23345.3,10,25679.83,23145.3,Win,2022-08-19 07:00:00,2.57
270,2022-08-20 05:00:00,down,21273.76,10,23401.14,21073.76,Win,2022-08-20 05:00:00,2.82
271,2022-08-22 10:00:00,down,21443.79,10,23588.17,21243.79,Win,2022-08-22 15:00:00,2.8
272,2022-08-24 20:00:00,up,21439.84,10,19295.86,21639.84,Win,2022-08-24 23:00:00,2.8
273,2022-08-25 07:00:00,down,21492.91,10,23642.2,21292.91,Win,2022-08-26 19:00:00,2.79
274,2022-08-25 14:00:00,up,21559.17,10,19403.25,21759.17,Win,2022-08-25 15:00:00,2.78
275,2022-08-26 21:00:00,up,21638.88,10,19474.99,21838.88,Win,2022-08-26 21:00:00,2.77
276,2022-08-27 16:00:00,up,20269.9,10,18242.91,20469.9,Win,2022-08-30 12:00:00,2.96
277,2022-08-29 07:00:00,down,19903.85,10,21894.23,19703.85,Win,2022-08-29 07:00:00,3.01
278,2022-08-31 09:00:00,up,19961.01,10,17964.91,20161.01,Win,2022-08-31 09:00:00,3.01
279,2022-08-31 23:00:00,down,20106.97,10,22117.67,19906.97,Win,2022-08-31 23:00:00,2.98
280,2022-09-02 04:00:00,up,19871.68,10,17884.51,20071.68,Win,2022-09-02 04:00:00,3.02
281,2022-09-03 01:00:00,down,20128.56,10,22141.42,19928.56,Win,2022-09-03 01:00:00,2.98
282,2022-09-04 15:00:00,down,19700.96,10,21671.06,19500.96,Win,2022-09-07 01:00:00,3.05
283,2022-09-05 23:00:00,up,19843.81,10,17859.43,20043.81,Win,2022-09-06 08:00:00,3.02
284,2022-09-06 03:00:00,down,19741.78,10,21715.96,19541.78,Win,2022-09-07 01:00:00,3.04
285,2022-09-06 13:00:00,down,19761.95,10,21738.15,19561.95,Win,2022-09-07 01:00:00,3.04
286,2022-09-06 21:00:00,down,19852.88,10,21838.17,19652.88,Win,2022-09-07 01:00:00,3.02
287,2022-09-07 16:00:00,up,18799.61,10,16919.65,18999.61,Win,2022-09-08 01:00:00,3.19
288,2022-09-09 04:00:00,up,19352.38,10,17417.14,19552.38,Win,2022-09-09 11:00:00,3.1
289,2022-09-11 06:00:00,up,21606.07,10,19445.46,21806.07,Win,2022-09-11 06:00:00,2.78
290,2022-09-12 12:00:00,down,21656.43,10,23822.07,21456.43,Win,2022-09-13 20:00:00,2.77
291,2022-09-13 19:00:00,up,22531.96,10,20278.76,22731.96,Win,2022-09-13 20:00:00,2.66
292,2022-09-14 12:00:00,up,20323.04,10,18290.74,20523.04,Lose,2022-09-19 14:00:00,0
293,2022-09-15 22:00:00,down,20119.47,10,22131.42,19919.47,Win,2022-09-15 22:00:00,2.98
294,2022-09-17 00:00:00,down,19661.24,10,21627.36,19461.24,Win,2022-09-17 00:00:00,3.05
295,2022-09-17 04:00:00,up,19617.34,10,17655.61,19817.34,Win,2022-09-17 05:00:00,3.06
296,2022-09-18 09:00:00,down,19984.06,10,21982.47,19784.06,Win,2022-09-18 18:00:00,3.0
297,2022-09-19 20:00:00,up,18685.77,10,16817.19,18885.77,Win,2022-09-19 21:00:00,3.21
298,2022-09-20 16:00:00,down,19358.87,10,21294.76,19158.87,Win,2022-09-20 17:00:00,3.1
299,2022-09-21 11:00:00,up,19013.17,10,17111.85,19213.17,Win,2022-09-21 20:00:00,3.16
300,2022-09-22 05:00:00,down,18926.26,10,20818.89,18726.26,Win,2022-09-22 05:00:00,3.17
301,2022-09-22 15:00:00,up,18768.14,10,16891.33,18968.14,Win,2022-09-22 15:00:00,3.2
302,2022-09-24 06:00:00,up,19010.43,10,17109.39,19210.43,Win,2022-09-24 06:00:00,3.16
303,2022-09-24 18:00:00,down,19025.51,10,20928.06,18825.51,Win,2022-09-25 06:00:00,3.15
304,2022-09-25 15:00:00,up,19024.91,10,17122.42,19224.91,Win,2022-09-26 16:00:00,3.15
305,2022-09-25 22:00:00,down,18935.52,10,20829.07,18735.52,Win,2022-09-26 05:00:00,3.17
306,2022-09-28 19:00:00,up,19005.13,10,17104.62,19205.13,Win,2022-09-28 22:00:00,3.16
307,2022-09-29 14:00:00,down,19454.78,10,21400.26,19254.78,Win,2022-09-29 20:00:00,3.08
308,2022-09-30 04:00:00,up,19402.63,10,17462.37,19602.63,Win,2022-09-30 07:00:00,3.09
309,2022-09-30 13:00:00,down,19430.33,10,21373.36,19230.33,Win,2022-09-30 20:00:00,3.09
310,2022-09-30 19:00:00,down,19485.77,10,21434.35,19285.77,Win,2022-09-30 20:00:00,3.08
311,2022-10-01 04:00:00,down,19473.52,10,21420.87,19273.52,Win,2022-10-01 06:00:00,3.08
312,2022-10-02 18:00:00,down,19262.28,10,21188.51,19062.28,Win,2022-10-02 18:00:00,3.11
313,2022-10-03 02:00:00,up,19197.18,10,17277.46,19397.18,Win,2022-10-03 22:00:00,3.13
314,2022-10-03 07:00:00,down,19170.64,10,21087.7,18970.64,Win,2022-10-03 07:00:00,3.13
315,2022-10-03 12:00:00,down,19168.35,10,21085.18,18968.35,Win,2022-10-11 08:00:00,3.13
316,2022-10-06 15:00:00,down,20172.68,10,22189.95,19972.68,Win,2022-10-06 22:00:00,2.97
317,2022-10-07 17:00:00,up,19972.59,10,17975.33,20172.59,Win,2022-10-26 01:00:00,3.0
318,2022-10-08 08:00:00,up,19530.09,10,17577.08,19730.09,Win,2022-10-14 09:00:00,3.07
319,2022-10-09 05:00:00,down,19452.08,10,21397.29,19252.08,Win,2022-10-09 05:00:00,3.08
320,2022-10-10 06:00:00,down,19478.17,10,21425.99,19278.17,Win,2022-10-10 16:00:00,3.08
321,2022-10-10 13:00:00,down,19466.83,10,21413.51,19266.83,Win,2022-10-10 16:00:00,3.08
322,2022-10-11 16:00:00,up,19082.28,10,17174.05,19282.28,Win,2022-10-14 02:00:00,3.14
323,2022-10-13 10:00:00,down,19107.03,10,21017.73,18907.03,Win,2022-10-13 18:00:00,3.14
324,2022-10-14 01:00:00,up,19084.62,10,17176.16,19284.62,Win,2022-10-14 02:00:00,3.14
325,2022-10-14 18:00:00,down,19648.83,10,21613.71,19448.83,Win,2022-10-14 22:00:00,3.05
326,2022-10-15 20:00:00,up,19167.33,10,17250.6,19367.33,Win,2022-10-17 03:00:00,3.13
327,2022-10-17 11:00:00,down,19204.36,10,21124.8,19004.36,Win,2022-10-20 08:00:00,3.12
328,2022-10-17 13:00:00,up,19226.25,10,17303.62,19426.25,Win,2022-10-17 19:00:00,3.12
329,2022-10-18 08:00:00,up,19548.48,10,17593.63,19748.48,Win,2022-10-25 23:00:00,3.07
330,2022-10-18 15:00:00,up,19643.55,10,17679.19,19843.55,Win,2022-10-26 01:00:00,3.05
331,2022-10-20 08:00:00,down,19123.35,10,21035.68,18923.35,Win,2022-10-20 08:00:00,3.14
332,2022-10-21 02:00:00,down,19099.3,10,21009.23,18899.3,Win,2022-10-21 20:00:00,3.14
333,2022-10-22 17:00:00,down,19154.67,10,21070.14,18954.67,Lose,2022-10-29 18:00:00,0
334,2022-10-22 19:00:00,up,19167.28,10,17250.55,19367.28,Win,2022-10-24 01:00:00,3.13
335,2022-10-24 11:00:00,down,19414.97,10,21356.47,19214.97,Win,2022-10-24 22:00:00,3.09
336,2022-10-25 21:00:00,up,19328.3,10,17395.47,19528.3,Win,2022-10-25 22:00:00,3.1
337,2022-10-26 14:00:00,down,20187.92,10,22206.71,19987.92,Win,2022-11-08 12:00:00,2.97
338,2022-10-26 16:00:00,up,20344.05,10,18309.65,20544.05,Win,2022-10-26 16:00:00,2.95
339,2022-10-31 22:00:00,down,20333.74,10,22367.11,20133.74,Win,2022-11-03 03:00:00,2.95
340,2022-11-01 07:00:00,up,20480.45,10,18432.4,20680.45,Win,2022-11-01 17:00:00,2.93
341,2022-11-01 21:00:00,down,20542.52,10,22596.77,20342.52,Win,2022-11-01 22:00:00,2.92
342,2022-11-02 07:00:00,up,20477.53,10,18429.78,20677.53,Win,2022-11-03 02:00:00,2.93
343,2022-11-02 15:00:00,down,20476.96,10,22524.66,20276.96,Win,2022-11-03 02:00:00,2.93
344,2022-11-03 11:00:00,up,20285.67,10,18257.1,20485.67,Win,2022-11-04 13:00:00,2.96
345,2022-11-03 19:00:00,down,20268.53,10,22295.38,20068.53,Win,2022-11-03 19:00:00,2.96
346,2022-11-03 23:00:00,up,20318.59,10,18286.73,20518.59,Win,2022-11-04 14:00:00,2.95
347,2022-11-08 06:00:00,down,20681.97,10,22750.17,20481.97,Win,2022-11-08 06:00:00,2.9
348,2022-11-09 02:00:00,down,19342.67,10,21276.94,19142.67,Win,2022-11-09 02:00:00,3.1
349,2022-11-09 18:00:00,down,17763.68,10,19540.05,17563.68,Win,2022-11-09 18:00:00,3.38
350,2022-11-10 11:00:00,up,16210.23,10,14589.21,16410.23,Win,2022-11-10 11:00:00,3.7
351,2022-11-11 11:00:00,down,17203.11,10,18923.42,17003.11,Win,2022-11-11 11:00:00,3.49
352,2022-11-12 11:00:00,up,16889.02,10,15200.12,17089.02,Win,2022-11-14 21:00:00,3.55
353,2022-11-13 14:00:00,down,16853.68,10,18539.05,16653.68,Win,2022-11-13 15:00:00,3.56
354,2022-11-14 15:00:00,up,16639.75,10,14975.77,16839.75,Win,2022-11-14 15:00:00,3.61
355,2022-11-15 03:00:00,down,16614.82,10,18276.3,16414.82,Win,2022-11-15 03:00:00,3.61
356,2022-11-15 09:00:00,up,16564.16,10,14907.74,16764.16,Win,2022-11-15 09:00:00,3.62
357,2022-11-17 07:00:00,up,16669.61,10,15002.65,16869.61,Win,2022-11-18 08:00:00,3.6
358,2022-11-18 16:00:00,down,16745.84,10,18420.42,16545.84,Win,2022-11-20 19:00:00,3.58
359,2022-11-19 18:00:00,up,16635.1,10,14971.59,16835.1,Win,2022-11-30 08:00:00,3.61
360,2022-11-22 03:00:00,down,15971.36,10,17568.5,15771.36,Win,2022-11-22 03:00:00,3.76
361,2022-11-22 10:00:00,up,15812.06,10,14230.85,16012.06,Win,2022-11-22 21:00:00,3.79
362,2022-11-24 09:00:00,up,16562.99,10,14906.69,16762.99,Win,2022-11-24 09:00:00,3.62
363,2022-11-25 20:00:00,up,16531.64,10,14878.48,16731.64,Win,2022-11-30 08:00:00,3.63
364,2022-11-27 12:00:00,up,16527.22,10,14874.5,16727.22,Win,2022-11-30 08:00:00,3.63
365,2022-11-29 23:00:00,down,16362.64,10,17998.9,16162.64,Lose,2022-12-13 21:00:00,0
366,2022-11-30 06:00:00,up,16465.36,10,14818.82,16665.36,Win,2022-11-30 08:00:00,3.64
367,2022-12-01 04:00:00,up,17061.14,10,15355.03,17261.14,Win,2022-12-01 21:00:00,3.52
368,2022-12-02 18:00:00,up,16962.17,10,15265.95,17162.17,Win,2022-12-03 08:00:00,3.54
369,2022-12-02 22:00:00,down,16889.18,10,18578.1,16689.18,Win,2022-12-07 16:00:00,3.55
370,2022-12-03 14:00:00,down,17016.31,10,18717.94,16816.31,Win,2022-12-07 15:00:00,3.53
371,2022-12-04 10:00:00,up,16967.26,10,15270.53,17167.26,Win,2022-12-05 07:00:00,3.54
372,2022-12-04 20:00:00,down,16948.64,10,18643.5,16748.64,Win,2022-12-07 15:00:00,3.54
373,2022-12-07 15:00:00,down,16956.03,10,18651.63,16756.03,Win,2022-12-07 15:00:00,3.54
374,2022-12-10 22:00:00,up,17158.24,10,15442.42,17358.24,Win,2022-12-13 17:00:00,3.5
375,2022-12-11 13:00:00,up,17168.74,10,15451.87,17368.74,Win,2022-12-13 17:00:00,3.49
376,2022-12-12 02:00:00,up,17177.18,10,15459.46,17377.18,Win,2022-12-13 17:00:00,3.49
377,2022-12-12 19:00:00,up,16987.47,10,15288.72,17187.47,Win,2022-12-13 05:00:00,3.53
378,2022-12-14 23:00:00,up,18062.82,10,16256.54,18262.82,Win,2022-12-15 02:00:00,3.32
379,2022-12-16 17:00:00,down,17221.25,10,18943.38,17021.25,Win,2022-12-16 17:00:00,3.48
380,2022-12-19 12:00:00,down,16681.43,10,18349.57,16481.43,Win,2022-12-20 06:00:00,3.6
381,2022-12-20 10:00:00,up,16580.25,10,14922.23,16780.25,Win,2022-12-20 10:00:00,3.62
382,2022-12-22 10:00:00,up,16818.02,10,15136.22,17018.02,None,None,None
383,2022-12-23 05:00:00,up,16780.24,10,15102.22,16980.24,None,None,None
384,2022-12-23 23:00:00,down,16790.48,10,18469.53,16590.48,Win,2022-12-28 11:00:00,3.57
385,2022-12-24 23:00:00,up,16832.1,10,15148.89,17032.1,None,None,None
386,2022-12-25 09:00:00,up,16843.95,10,15159.56,17043.95,None,None,None
387,2022-12-26 06:00:00,up,16830.3,10,15147.27,17030.3,None,None,None
388,2022-12-26 17:00:00,down,16839.35,10,18523.28,16639.35,Win,2022-12-28 01:00:00,3.56
389,2022-12-29 05:00:00,down,16596.9,10,18256.59,16396.9,Win,2022-12-30 22:00:00,3.62
390,2022-12-29 12:00:00,up,16558.33,10,14902.5,16758.33,None,None,None
391,2022-12-30 13:00:00,down,16613.94,10,18275.33,16413.94,Win,2022-12-30 22:00:00,3.61
392,2022-12-31 01:00:00,up,16545.86,10,14891.27,16745.86,None,None,None
393,2022-12-31 17:00:00,down,16554.05,10,18209.45,16354.05,None,None,None
394,2023-01-01 04:00:00,down,16570.14,10,18227.15,16370.14,None,None,None
